name,Age,team,G,GS,W,L,SV,IP,H,R,ER,BB,SO,HR,ERA,WHIP,BABIP,K_per_9,pitcher_id,season
Fernando Abad,35,Baltimore,16,0,,,,17.2,23,12,11,7,10,1,5.6,1.698,0.344,5.1,472551,2021
Cory Abbott,25,Chicago,7,1,,,,17.1,20,15,13,11,12,7,6.75,1.788,0.255,6.2,676265,2021
Albert Abreu,25,New York,28,0,2.0,,1.0,36.2,27,21,21,19,35,8,5.15,1.255,0.209,8.6,656061,2021
Bryan Abreu,24,Houston,31,0,3.0,3.0,1.0,36.0,35,26,23,18,36,4,5.75,1.472,0.31,9.0,650556,2021
Domingo Acevedo,27,Oakland,10,0,,,,11.0,9,4,4,4,9,3,3.27,1.182,0.214,7.4,642758,2021
Jason Adam,29,Chicago,12,0,1.0,,,10.2,10,7,7,6,19,1,5.91,1.5,0.429,16.0,592094,2021
Austin Adams,30,San Diego,65,0,3.0,2.0,,52.2,28,28,24,35,76,1,4.1,1.196,0.265,13.0,613534,2021
Joan Adon,22,Washington,1,1,,,,5.1,6,2,2,3,9,1,3.38,1.688,0.5,15.2,672851,2021
Miguel Aguilar,29,Arizona,9,0,1.0,1.0,,7.0,6,6,5,4,3,0,6.43,1.429,0.286,3.9,620396,2021
Keegan Akin,26,Baltimore,24,17,2.0,10.0,,95.0,110,70,70,40,82,17,6.63,1.579,0.326,7.8,669211,2021
R.J. Alaniz,30,Cincinnati,3,0,,,,2.2,1,1,1,3,3,1,3.38,1.5,0.0,10.1,595798,2021
Andrew Albers,35,Minnesota,5,3,1.0,2.0,,19.0,24,16,16,9,12,9,7.58,1.737,0.259,5.7,452027,2021
Hanser Alberto,28,Kansas City,1,0,,,,0.1,0,0,0,0,0,0,0.0,0.0,0.0,0.0,593643,2021
Jorge Alcala,25,Minnesota,59,0,3.0,6.0,1.0,59.2,45,29,26,13,61,10,3.92,0.972,0.246,9.2,660896,2021
Sandy Alcantara,25,Miami,33,33,9.0,15.0,,205.2,171,85,73,50,201,21,3.19,1.075,0.273,8.8,645261,2021
Sergio Alc\xc3\xa1ntara,24,Chicago,1,0,,,,0.1,0,0,0,0,0,0,0.0,0.0,0.0,0.0,642727,2021
Scott Alexander,31,Los Angeles,18,0,,2.0,,15.1,15,6,5,4,8,2,2.93,1.239,0.25,4.7,518397,2021
Tyler Alexander,26,Detroit,41,15,2.0,4.0,,106.1,106,47,45,28,87,16,3.81,1.26,0.285,7.4,641302,2021
A.J. Alexy,23,Texas,5,4,3.0,1.0,,23.0,13,12,12,17,17,4,4.7,1.304,0.155,6.7,669935,2021
Kolby Allard,23,Texas,32,17,3.0,12.0,,124.2,128,80,75,31,104,29,5.41,1.275,0.27,7.5,663465,2021
Logan Allen,24,Cleveland,14,11,2.0,7.0,,50.1,58,39,35,17,37,12,6.26,1.49,0.303,6.6,663531,2021
Nick Allgeyer,25,Toronto,1,0,,,,1.0,0,0,0,0,0,0,0.0,0.0,0.0,0.0,680430,2021
Yency Almonte,27,Colorado,48,0,1.0,3.0,,47.2,47,42,40,29,47,9,7.55,1.594,0.297,8.9,622075,2021
Albert Almora,27,New York,1,0,,,,1.0,1,3,3,1,0,1,27.0,2.0,0.0,0.0,546991,2021
Dan Altavilla,28,San Diego,2,0,,,,1.1,1,1,1,0,2,1,6.75,0.75,0.0,13.5,656186,2021
Jos\xc3\xa9 Alvarado,26,Philadelphia,64,0,7.0,1.0,5.0,55.2,42,30,26,47,68,5,4.2,1.599,0.298,11.0,621237,2021
Jos\xc3\xa9 \xc3\x81lvarez,32,San Francisco,68,1,5.0,2.0,,65.0,53,23,17,19,42,2,2.35,1.108,0.252,5.8,501625,2021
Adbert Alzolay,26,Chicago,29,21,5.0,13.0,1.0,125.2,112,66,64,34,128,25,4.58,1.162,0.27,9.2,640470,2021
Brett Anderson,33,Milwaukee,24,24,4.0,9.0,,96.0,102,52,45,28,58,11,4.22,1.354,0.298,5.4,474463,2021
Chase Anderson,33,Philadelphia,14,9,2.0,4.0,,48.0,51,36,36,20,35,10,6.75,1.479,0.281,6.6,502624,2021
Drew Anderson,27,Texas,9,1,1.0,1.0,,22.0,20,8,8,6,9,1,3.27,1.182,0.257,3.7,623454,2021
Ian Anderson,23,Atlanta,28,28,11.0,5.0,,145.1,114,54,54,60,140,17,3.34,1.197,0.257,8.7,666120,2021
Nick Anderson,30,Tampa Bay,6,0,,1.0,1.0,6.0,4,3,3,2,1,2,4.5,1.0,0.105,1.5,623433,2021
Shaun Anderson,26,"Baltimore,Minnesota,San Diego",16,0,,,,23.1,36,30,22,12,19,4,8.49,2.057,0.368,7.3,641312,2021
Tanner Anderson,28,Pittsburgh,1,0,,,,5.0,5,2,2,0,1,0,3.6,1.0,0.278,1.8,664196,2021
Tyler Anderson,31,"Pittsburgh,Seattle",31,31,7.0,11.0,,167.0,170,87,84,38,134,27,4.53,1.246,0.289,7.2,542881,2021
Matt Andriese,31,"Boston,Seattle",34,0,2.0,3.0,1.0,48.1,65,35,28,13,50,7,5.21,1.614,0.395,9.3,542882,2021
Tejay Antone,27,Cincinnati,23,0,2.0,,3.0,33.2,17,8,8,13,42,3,2.14,0.891,0.209,11.2,622088,2021
Jonathan Ara\xc3\xbaz,22,Boston,1,0,,,,1.0,2,1,1,0,0,0,9.0,2.0,0.4,0.0,660620,2021
Chris Archer,32,Tampa Bay,6,5,1.0,1.0,,19.1,18,11,10,8,21,3,4.66,1.345,0.294,9.8,502042,2021
Kohei Arihara,28,Texas,10,10,2.0,4.0,,40.2,45,31,30,13,24,11,6.64,1.426,0.27,5.3,685503,2021
Shawn Armstrong,30,"Baltimore,Tampa Bay",31,0,1.0,,,36.0,39,28,27,15,44,10,6.75,1.5,0.309,11.0,542888,2021
Jake Arrieta,35,"Chicago,San Diego",24,24,5.0,14.0,,98.2,131,91,81,44,83,24,7.39,1.774,0.346,7.6,453562,2021
Christian Arroyo,26,Boston,1,0,,,,1.0,1,2,0,1,0,1,0.0,2.0,0.0,0.0,624414,2021
Aaron Ashby,23,Milwaukee,15,4,3.0,2.0,1.0,34.1,30,22,18,14,42,4,4.72,1.282,0.299,11.0,676879,2021
Willians Astudillo,29,Minnesota,4,0,,,,4.0,1,1,1,2,0,1,2.25,0.75,0.0,0.0,553902,2021
Pedro Avila,24,San Diego,1,1,,1.0,,4.0,4,2,1,3,5,1,2.25,1.75,0.273,11.3,658648,2021
Luis Avil\xc3\xa1n,31,Washington,4,0,,1.0,,5.0,7,7,7,3,4,1,12.6,2.0,0.333,7.2,501593,2021
John Axford,38,Milwaukee,1,0,,,,0.1,2,2,2,1,0,0,54.0,9.0,0.667,0.0,446099,2021
Pedro B\xc3\xa1ez,33,Houston,4,0,,,,4.1,2,1,1,1,5,1,2.08,0.692,0.125,10.4,520980,2021
Bryan Baker,26,Toronto,1,0,,,,1.0,1,0,0,0,1,0,0.0,1.0,0.333,9.0,641329,2021
Alberto Baldonado,28,Washington,14,0,,1.0,,10.2,10,10,10,7,12,3,8.44,1.594,0.269,10.1,593604,2021
Anthony Banda,27,"New York,Pittsburgh",30,0,2.0,2.0,,33.2,39,18,16,13,32,6,4.28,1.545,0.33,8.6,607455,2021
Caleb Baragar,27,San Francisco,25,0,2.0,1.0,2.0,23.0,19,7,4,12,16,1,1.57,1.348,0.273,6.3,670056,2021
Daniel Bard,36,Colorado,67,0,7.0,8.0,20.0,65.2,69,41,38,36,80,8,5.21,1.599,0.355,11.0,453268,2021
Joe Barlow,25,Texas,31,0,,2.0,11.0,29.0,12,9,5,12,27,2,1.55,0.828,0.143,8.4,669618,2021
Scott Barlow,28,Kansas City,71,0,5.0,3.0,16.0,74.1,61,20,20,28,91,4,2.42,1.197,0.315,11.0,605130,2021
Charlie Barnes,25,Minnesota,9,8,,3.0,,38.0,46,27,25,16,20,4,5.92,1.632,0.326,4.7,656212,2021
Jacob Barnes,31,"New York,Toronto",29,0,1.0,2.0,2.0,28.2,31,20,20,11,33,7,6.28,1.465,0.32,10.4,606930,2021
Matt Barnes,31,Boston,61,0,6.0,5.0,24.0,55.2,42,25,23,22,85,8,3.72,1.15,0.306,13.7,598264,2021
Kyle Barraclough,31,Minnesota,10,0,2.0,,,13.0,12,8,8,8,18,4,5.54,1.538,0.286,12.5,607457,2021
Manny Barreda,32,Baltimore,3,0,1.0,,,2.2,4,4,4,2,2,2,13.5,2.25,0.25,6.8,518435,2021
Jaime Barria,24,Los Angeles,13,11,2.0,4.0,,56.2,70,29,29,19,35,8,4.61,1.571,0.333,5.6,642545,2021
Anthony Bass,33,Miami,70,1,3.0,9.0,,61.1,55,33,26,24,58,11,3.82,1.288,0.272,8.5,542914,2021
Chris Bassitt,32,Oakland,27,27,12.0,4.0,,157.1,127,55,55,39,159,15,3.15,1.055,0.271,9.1,605135,2021
Trevor Bauer,30,Los Angeles,17,17,8.0,5.0,,107.2,71,36,31,37,137,19,2.59,1.003,0.222,11.5,545333,2021
Mike Baumann,25,Baltimore,4,0,1.0,1.0,,10.0,13,12,11,6,5,2,9.9,1.9,0.306,4.5,657508,2021
Shane Baz,22,Tampa Bay,4,4,2.0,,,15.2,12,6,6,4,20,4,3.45,1.021,0.235,11.5,669358,2021
Eduard Bazardo,25,Boston,2,0,,,,3.0,1,0,0,2,3,0,0.0,1.0,0.143,9.0,660825,2021
Jeremy Beasley,25,Toronto,8,0,,1.0,,9.1,7,9,8,9,13,3,7.71,1.714,0.2,12.5,676886,2021
David Bednar,26,Pittsburgh,61,0,3.0,1.0,3.0,60.2,40,15,15,19,77,5,2.23,0.973,0.259,11.4,670280,2021
Cam Bedrosian,29,"Cincinnati,Oakland,Philadelphia",26,1,,,,25.0,27,14,14,17,23,6,5.04,1.76,0.3,8.3,592135,2021
Tyler Beede,28,San Francisco,1,0,,,,1.0,2,3,3,0,2,0,27.0,2.0,0.667,18.0,595881,2021
Andrew Bellatti,29,Miami,3,0,,,,3.1,6,5,5,2,4,0,13.5,2.4,0.462,10.8,571479,2021
Anthony Bemboom,31,Los Angeles,1,0,,,,1.0,3,2,2,0,0,1,18.0,3.0,0.333,0.0,621532,2021
Anthony Bender,26,Miami,60,1,3.0,2.0,3.0,61.1,45,22,19,20,71,5,2.79,1.06,0.276,10.4,669622,2021
Wes Benjamin,27,Texas,13,2,,2.0,,22.2,29,23,22,17,19,6,8.74,2.029,0.329,7.5,605138,2021
Travis Bergen,27,Toronto,10,1,2.0,,,10.2,5,2,2,8,6,1,1.69,1.219,0.138,5.1,664157,2021
Jos\xc3\xa9 Berr\xc3\xados,27,"Minnesota,Toronto",32,32,12.0,9.0,,192.0,159,83,75,45,204,22,3.52,1.063,0.278,9.6,621244,2021
Dellin Betances,33,New York,1,0,,,,1.0,0,1,1,1,1,0,9.0,1.0,0.0,9.0,476454,2021
Alec Bettinger,25,Milwaukee,4,1,,1.0,,10.0,18,15,15,3,5,3,13.5,2.1,0.395,4.5,676424,2021
Joe Biagini,31,Chicago,1,0,1.0,,,3.0,2,0,0,1,2,0,0.0,1.0,0.25,6.0,607352,2021
Phil Bickford,25,"Los Angeles,Milwaukee",63,0,4.0,2.0,1.0,57.1,40,18,16,19,63,7,2.51,1.029,0.243,9.9,641360,2021
Jesse Biddle,29,Atlanta,8,0,,,,10.2,10,10,10,8,11,1,8.44,1.688,0.321,9.3,592145,2021
Shane Bieber,26,Cleveland,16,16,7.0,4.0,,96.2,84,36,34,33,134,11,3.17,1.21,0.327,12.5,669456,2021
Brandon Bielak,25,Houston,28,2,3.0,4.0,1.0,50.0,48,29,25,21,46,5,4.5,1.38,0.305,8.3,656232,2021
Paul Blackburn,27,Oakland,9,9,1.0,4.0,,38.1,52,26,25,10,26,8,5.87,1.617,0.341,6.1,621112,2021
Alex Blandino,28,Cincinnati,4,0,,,,3.2,4,5,4,4,1,1,9.82,2.182,0.25,2.5,607468,2021
Richard Bleier,34,Miami,68,0,3.0,2.0,,58.0,51,20,19,6,44,4,2.95,0.983,0.281,6.8,542947,2021
Scott Blewett,25,Kansas City,3,0,,,,5.0,3,1,1,5,4,0,1.8,1.6,0.25,7.2,656240,2021
Ronald Bola\xc3\xb1os,24,Kansas City,3,0,,,,6.1,4,1,1,2,10,0,1.42,0.947,0.308,14.2,671790,2021
Ryan Borucki,27,Toronto,24,0,3.0,1.0,,23.2,18,14,13,11,21,5,4.94,1.225,0.22,8.0,621366,2021
Akeem Bostick,26,New York,1,0,,,,1.0,0,0,0,1,0,0,0.0,1.0,0.0,0.0,641384,2021
Ben Bowden,26,Colorado,39,0,3.0,2.0,,35.2,44,30,26,21,42,6,6.56,1.822,0.362,10.6,641386,2021
Brad Boxberger,33,Milwaukee,73,0,5.0,4.0,4.0,66.2,44,26,24,26,85,8,3.24,1.05,0.25,11.5,502202,2021
Matthew Boyd,30,Detroit,15,15,3.0,8.0,,78.2,77,37,34,23,67,9,3.89,1.271,0.296,7.7,571510,2021
Brad Brach,35,Cincinnati,35,0,1.0,2.0,1.0,30.0,30,26,21,18,33,5,6.3,1.6,0.309,9.9,542960,2021
Archie Bradley,28,Philadelphia,53,0,7.0,3.0,2.0,51.0,51,24,21,22,40,5,3.71,1.431,0.299,7.1,605151,2021
Ryan Brasier,33,Boston,20,0,1.0,1.0,,16.0,20,9,6,4,14,2,3.38,1.5,0.367,7.9,518489,2021
Steven Brault,29,Pittsburgh,7,7,,3.0,,27.2,33,18,18,12,19,3,5.86,1.627,0.33,6.2,643230,2021
John Brebbia,31,San Francisco,18,0,,1.0,,18.1,25,13,12,4,22,4,5.89,1.582,0.389,10.8,605154,2021
Brandon Brennan,29,Boston,1,0,,,,3.0,3,0,0,2,1,0,0.0,1.667,0.375,3.0,592165,2021
Jake Brentz,26,Kansas City,72,0,5.0,2.0,2.0,64.0,45,32,26,37,76,7,3.66,1.281,0.255,10.7,641394,2021
Colten Brewer,28,Boston,1,0,,,,1.0,4,4,4,3,1,0,36.0,7.0,0.8,9.0,605155,2021
Austin Brice,29,Boston,13,0,,,,13.2,14,10,10,7,12,2,6.59,1.537,0.308,7.9,592169,2021
Zack Britton,33,New York,22,0,,1.0,1.0,18.1,17,14,12,14,16,2,5.89,1.691,0.313,7.9,502154,2021
Connor Brogdon,26,Philadelphia,56,1,5.0,4.0,1.0,57.2,47,27,22,18,50,6,3.43,1.127,0.258,7.8,641401,2021
Rex Brothers,33,Chicago,57,0,3.0,2.0,1.0,53.0,41,31,31,35,75,9,5.26,1.434,0.288,12.7,571521,2021
JT Brubaker,27,Pittsburgh,24,24,5.0,13.0,,124.1,123,75,74,38,129,28,5.36,1.295,0.289,9.3,664141,2021
Justin Bruihl,24,Los Angeles,24,2,,1.0,,20.2,14,7,6,7,16,1,2.61,1.016,0.241,7.0,677865,2021
Kris Bubic,23,Kansas City,29,20,6.0,7.0,,130.0,121,67,64,59,114,22,4.43,1.385,0.28,7.9,663460,2021
Ryan Buchter,34,Arizona,18,0,,2.0,,16.1,16,13,12,13,16,5,6.61,1.776,0.262,8.8,488748,2021
Walker Buehler,26,Los Angeles,37,37,16.0,6.0,,226.0,171,73,67,61,230,22,2.67,1.027,0.26,9.2,621111,2021
JB Bukauskas,24,Arizona,21,0,2.0,2.0,,17.1,24,19,15,7,14,4,7.79,1.788,0.364,7.3,656266,2021
Madison Bumgarner,31,Arizona,26,26,7.0,10.0,,146.1,134,82,76,39,124,24,4.67,1.182,0.267,7.6,518516,2021
Aaron Bummer,27,Chicago,65,0,5.0,6.0,2.0,59.2,47,31,25,30,82,3,3.77,1.291,0.317,12.4,607481,2021
Dylan Bundy,28,Los Angeles,23,19,2.0,9.0,,90.2,89,64,61,34,84,20,6.06,1.357,0.275,8.3,605164,2021
Zack Burdi,26,"Baltimore,Chicago",7,0,,,,10.0,13,7,6,5,7,3,5.4,1.8,0.313,6.3,641420,2021
Corbin Burnes,26,Milwaukee,29,29,11.0,5.0,,173.0,125,47,45,37,240,7,2.34,0.936,0.305,12.5,669203,2021
Andy Burns,30,Los Angeles,1,0,,,,1.0,3,2,2,0,1,1,18.0,3.0,0.5,9.0,542992,2021
Ryan Burr,27,Chicago,34,1,2.0,1.0,,36.2,28,11,10,21,33,3,2.45,1.336,0.275,8.1,621114,2021
Beau Burrows,24,"Detroit,Minnesota",6,1,,1.0,,11.0,16,18,17,10,8,5,13.91,2.364,0.314,6.5,663366,2021
Matt Bush,35,Texas,4,0,,,,4.0,4,3,3,1,5,3,6.75,1.25,0.125,11.3,456713,2021
Asdr\xc3\xbabal Cabrera,35,Arizona,2,0,,,,1.1,1,0,0,0,0,0,0.0,0.75,0.25,0.0,452678,2021
Edward Cabrera,23,Miami,7,7,,3.0,,26.1,24,20,17,19,28,6,5.81,1.633,0.286,9.6,665795,2021
G\xc3\xa9nesis Cabrera,24,St. Louis,71,0,4.0,5.0,,70.0,52,31,29,36,77,3,3.73,1.257,0.287,9.9,650893,2021
Trevor Cahill,33,Pittsburgh,9,8,1.0,5.0,,37.0,42,29,27,14,32,4,6.57,1.514,0.333,7.8,502239,2021
Daniel Camarena,28,San Diego,6,0,,1.0,,9.1,16,12,10,3,7,2,9.64,2.036,0.4,6.8,547176,2021
Paul Campbell,25,Miami,16,1,2.0,3.0,,26.2,32,24,19,10,26,5,6.41,1.575,0.338,8.8,669294,2021
Griffin Canning,25,Los Angeles,14,13,5.0,4.0,,62.2,65,41,39,28,62,14,5.6,1.484,0.298,8.9,656288,2021
Drew Carlton,25,Detroit,4,0,,,,3.2,6,2,2,4,1,1,4.91,2.727,0.385,2.5,656290,2021
Matt Carpenter,35,St. Louis,1,0,,,,1.1,2,0,0,0,0,0,0.0,1.5,0.4,0.0,572761,2021
Carlos Carrasco,34,New York,12,12,1.0,5.0,,53.2,59,39,36,18,50,12,6.04,1.435,0.299,8.4,471911,2021
Daniel Castano,26,Miami,5,4,,2.0,,20.1,22,12,11,8,13,3,4.87,1.475,0.288,5.8,641447,2021
Ryan Castellani,25,Colorado,1,1,,,,3.1,5,2,2,4,2,1,5.4,2.7,0.444,5.4,624418,2021
Humberto Castellanos,23,Arizona,14,7,2.0,2.0,,45.2,48,26,25,15,29,7,4.93,1.38,0.299,5.7,528748,2021
Diego Castillo,27,"Seattle,Tampa Bay",61,0,5.0,5.0,16.0,58.1,40,23,18,17,75,9,2.78,0.977,0.248,11.6,650895,2021
Luis Castillo,28,Cincinnati,33,33,8.0,16.0,,187.2,181,94,83,75,192,19,3.98,1.364,0.323,9.2,622491,2021
Anthony Castro,26,Toronto,25,0,1.0,2.0,1.0,24.2,23,15,13,8,32,4,4.74,1.257,0.306,11.7,621593,2021
Harold Castro,27,Detroit,3,0,,,,2.2,0,0,0,3,0,0,0.0,1.125,0.0,0.0,605612,2021
Kervin Castro,22,San Francisco,12,0,1.0,1.0,,14.2,13,1,0,6,13,0,0.0,1.295,0.31,8.0,665645,2021
Miguel Castro,26,New York,69,2,3.0,4.0,,70.1,48,30,27,43,77,7,3.45,1.294,0.241,9.9,612434,2021
Dylan Cease,25,Chicago,33,33,13.0,7.0,,167.1,141,80,75,71,228,20,4.03,1.267,0.311,12.3,656302,2021
Luis Cessa,29,"Cincinnati,New York",53,0,5.0,2.0,,64.2,55,24,18,19,54,5,2.51,1.144,0.276,7.5,570666,2021
Jhoulys Chac\xc3\xadn,33,Colorado,46,1,3.0,2.0,,64.1,53,32,31,28,47,8,4.34,1.259,0.243,6.6,468504,2021
Andrew Chafin,31,"Chicago,Oakland",71,0,2.0,4.0,5.0,68.2,45,14,14,19,64,4,1.83,0.932,0.232,8.4,605177,2021
Aroldis Chapman,33,New York,61,0,6.0,4.0,30.0,56.1,36,23,21,38,97,9,3.36,1.314,0.287,15.5,547973,2021
JT Chargois,30,"Seattle,Tampa Bay",60,0,6.0,1.0,,57.0,41,16,15,21,55,5,2.37,1.088,0.254,8.7,608638,2021
Tyler Chatwood,31,"San Francisco,Toronto",32,0,1.0,3.0,1.0,32.0,26,22,20,21,38,2,5.63,1.469,0.3,10.7,543022,2021
Jesse Chavez,37,Atlanta,37,5,3.0,2.0,,40.0,28,9,8,14,38,0,1.8,1.05,0.262,8.6,445926,2021
Adam Cimber,30,"Miami,Toronto",72,0,3.0,4.0,1.0,71.2,61,24,18,16,51,2,2.26,1.074,0.281,6.4,643256,2021
Steve Cishek,35,Los Angeles,74,0,,2.0,,68.1,61,32,26,41,64,2,3.42,1.493,0.304,8.4,518553,2021
Jos\xc3\xa9 Cisnero,32,Detroit,67,0,4.0,4.0,4.0,61.2,51,34,25,31,62,6,3.65,1.33,0.281,9.0,542585,2021
Aaron Civale,26,Cleveland,21,21,12.0,5.0,,124.1,108,56,53,31,99,23,3.84,1.118,0.25,7.2,650644,2021
Taylor Clarke,28,Arizona,43,0,1.0,3.0,,43.1,52,28,24,14,39,4,4.98,1.523,0.35,8.1,664199,2021
Emmanuel Clase,23,Cleveland,71,0,4.0,5.0,24.0,69.2,51,18,10,16,74,2,1.29,0.962,0.263,9.6,661403,2021
Alex Claudio,29,Los Angeles,41,0,1.0,2.0,1.0,32.2,37,22,20,15,30,6,5.51,1.592,0.32,8.3,592222,2021
Sam Clay,28,Washington,58,0,,5.0,,45.0,55,32,28,22,34,4,5.6,1.711,0.342,6.8,621348,2021
Garrett Cleavinger,27,Los Angeles,22,1,2.0,4.0,,18.0,20,11,6,12,21,4,3.0,1.778,0.356,10.5,664076,2021
Tyler Clippard,36,Arizona,26,0,1.0,1.0,6.0,25.1,22,12,9,11,21,3,3.2,1.303,0.264,7.5,461325,2021
Alex Cobb,33,Los Angeles,18,18,8.0,3.0,,93.1,85,46,39,33,98,5,3.76,1.264,0.316,9.5,502171,2021
Kyle Cody,26,Texas,7,0,,2.0,,11.1,16,11,10,2,14,3,7.94,1.588,0.394,11.1,621129,2021
A.J. Cole,29,Toronto,6,0,,,1.0,8.0,6,1,1,1,7,1,1.13,0.875,0.238,7.9,595918,2021
Gerrit Cole,30,New York,31,31,16.0,9.0,,183.1,155,72,68,43,246,26,3.34,1.08,0.306,12.1,543037,2021
Dylan Coleman,24,Kansas City,5,0,,,,6.1,5,1,1,1,7,0,1.42,0.947,0.294,9.9,669395,2021
Alex Colom\xc3\xa9,32,Minnesota,67,0,4.0,4.0,17.0,65.0,68,41,30,23,58,8,4.15,1.4,0.306,8.0,517008,2021
Adam Conley,31,Tampa Bay,17,0,,,,19.2,14,5,5,6,16,2,2.29,1.017,0.24,7.3,543045,2021
Roansy Contreras,21,Pittsburgh,1,1,,,,3.0,3,0,0,1,4,0,0.0,1.333,0.429,12.0,672710,2021
Sam Coonrod,28,Philadelphia,42,2,2.0,2.0,2.0,42.1,41,21,19,15,48,5,4.04,1.323,0.316,10.2,656322,2021
Patrick Corbin,31,Washington,31,31,9.0,16.0,,171.2,192,114,111,60,143,37,5.82,1.468,0.312,7.5,571578,2021
Nestor Cortes,26,New York,22,14,2.0,3.0,,93.0,75,32,30,25,103,14,2.9,1.075,0.266,10.0,641482,2021
Jharel Cotton,29,Texas,23,0,2.0,,,30.2,28,12,12,15,30,2,3.52,1.402,0.295,8.8,605194,2021
Danny Coulombe,31,Minnesota,29,1,3.0,2.0,,34.1,35,17,14,7,33,5,3.67,1.223,0.323,8.7,543056,2021
Jake Cousins,26,Milwaukee,31,0,1.0,,,31.0,17,9,9,20,45,3,2.61,1.194,0.246,13.1,664776,2021
Kutter Crawford,25,Boston,1,1,,1.0,,2.0,5,5,5,2,2,1,22.5,3.5,0.5,9.0,676710,2021
Stefan Crichton,29,Arizona,31,0,,4.0,4.0,23.1,33,22,19,12,17,3,7.33,1.929,0.37,6.6,592233,2021
Kyle Crick,28,Pittsburgh,27,0,1.0,1.0,,24.1,14,14,12,19,21,0,4.44,1.356,0.23,7.8,605195,2021
Nabil Crismatt,26,San Diego,45,0,3.0,1.0,,81.1,87,40,34,24,71,10,3.76,1.365,0.326,7.9,622503,2021
Cooper Criswell,24,Los Angeles,1,1,,1.0,,1.1,6,3,3,0,0,0,20.25,4.5,0.6,0.0,681867,2021
Garrett Crochet,22,Chicago,57,0,3.0,5.0,,56.2,47,22,17,28,69,2,2.7,1.324,0.324,11.0,676979,2021
Jake Cronenworth,27,San Diego,1,0,,,,0.2,1,0,0,0,1,0,0.0,1.5,0.5,13.5,630105,2021
Hans Crouse,22,Philadelphia,2,2,,2.0,,7.0,4,4,4,7,2,2,5.14,1.571,0.1,2.6,668968,2021
Wil Crowe,26,Pittsburgh,26,25,4.0,8.0,,116.2,126,75,71,57,111,25,5.48,1.569,0.314,8.6,640444,2021
Johnny Cueto,35,San Francisco,22,21,7.0,7.0,,114.2,127,57,52,30,98,15,4.08,1.369,0.336,7.7,456501,2021
Charlie Culberson,32,Texas,2,0,,,,2.0,2,0,0,0,0,0,0.0,1.0,0.286,0.0,518586,2021
John Curtiss,28,"Miami,Milwaukee",41,2,3.0,1.0,,44.1,42,21,17,12,44,6,3.45,1.218,0.293,8.9,595928,2021
Yu Darvish,34,San Diego,30,30,8.0,11.0,,166.1,138,81,78,44,199,28,4.22,1.094,0.274,10.8,506433,2021
Tucker Davidson,25,Atlanta,5,5,,,,22.0,17,12,10,11,19,3,4.09,1.273,0.233,7.8,656353,2021
Zach Davies,28,Chicago,32,32,6.0,12.0,,148.0,162,99,95,75,114,25,5.78,1.601,0.311,6.9,605200,2021
Austin Davis,28,"Boston,Pittsburgh",30,0,1.0,2.0,,26.2,24,17,15,13,28,4,5.06,1.388,0.274,9.5,656354,2021
Wade Davis,35,Kansas City,40,0,,3.0,2.0,42.2,44,33,32,19,38,8,6.75,1.477,0.295,8.0,451584,2021
Grant Dayton,33,Atlanta,13,0,,,,13.0,15,10,9,6,14,2,6.23,1.615,0.333,9.7,594795,2021
Brett de Geus,23,"Arizona,Texas",47,0,3.0,2.0,,50.0,62,47,42,25,41,6,7.56,1.74,0.357,7.4,676969,2021
Chase De Jong,27,Pittsburgh,9,9,1.0,4.0,,43.2,49,28,28,19,39,11,5.77,1.557,0.304,8.0,608328,2021
Jos\xc3\xa9 De Le\xc3\xb3n,28,Cincinnati,9,2,,1.0,,18.1,22,17,17,11,33,4,8.35,1.8,0.439,16.2,592254,2021
Enyel De Los Santos,25,"Philadelphia,Pittsburgh",33,0,2.0,1.0,,35.1,43,32,25,18,48,8,6.37,1.726,0.38,12.2,660853,2021
Jacob deGrom,33,New York,15,15,7.0,2.0,,92.0,40,14,11,11,146,6,1.08,0.554,0.213,14.3,594798,2021
Miguel Del Pozo,28,Detroit,5,0,,,,5.1,8,2,2,2,4,0,3.38,1.875,0.421,6.8,600887,2021
Anthony DeSclafani,31,San Francisco,32,32,13.0,8.0,,169.1,146,63,61,42,154,19,3.24,1.11,0.274,8.2,543101,2021
Reid Detmers,21,Los Angeles,5,5,1.0,3.0,,20.2,26,17,17,11,19,5,7.4,1.79,0.328,8.3,672282,2021
Ross Detwiler,35,"Miami,San Diego",53,5,3.0,1.0,,52.1,44,28,27,20,62,10,4.64,1.223,0.264,10.7,446321,2021
Chris Devenski,30,Arizona,8,0,1.0,,1.0,7.1,11,7,7,2,5,2,8.59,1.773,0.36,6.1,606965,2021
Edwin D\xc3\xadaz,27,New York,63,0,5.0,6.0,32.0,62.2,43,27,24,23,89,3,3.45,1.053,0.308,12.8,621242,2021
Jhonathan D\xc3\xadaz,24,Los Angeles,3,2,1.0,,,13.0,11,6,6,7,9,1,4.15,1.385,0.244,6.2,646242,2021
Miguel D\xc3\xadaz,26,San Diego,25,2,3.0,1.0,1.0,42.0,31,19,17,19,46,8,3.64,1.19,0.235,9.9,622766,2021
Yennsy D\xc3\xadaz,24,New York,20,0,,2.0,,25.0,25,16,15,12,21,5,5.4,1.48,0.274,7.6,660546,2021
Brandon Dickson,36,St. Louis,2,0,,,,2.0,5,3,3,0,1,1,13.5,2.5,0.5,4.5,505447,2021
Jake Diekman,34,Oakland,67,0,3.0,3.0,7.0,60.2,47,29,26,34,83,10,3.86,1.335,0.282,12.3,518617,2021
Wilmer Difo,29,Pittsburgh,2,0,,,,2.0,9,8,8,3,1,1,36.0,6.0,0.615,4.5,594694,2021
Marcos Dipl\xc3\xa1n,24,Baltimore,23,0,2.0,,,30.0,22,16,15,15,24,6,4.5,1.233,0.205,7.2,650959,2021
Randy Dobnak,26,Minnesota,14,6,1.0,7.0,1.0,50.2,66,44,43,12,27,11,7.64,1.539,0.313,4.8,677976,2021
Kyle Dohy,24,Philadelphia,1,0,,,,1.0,1,0,0,1,1,0,0.0,2.0,0.333,9.0,675971,2021
Rafael Dolis,33,Toronto,39,0,2.0,3.0,3.0,32.0,29,21,20,27,39,2,5.63,1.75,0.318,11.0,503569,2021
Seranthony Dom\xc3\xadnguez,26,Philadelphia,1,0,,,,1.0,0,0,0,0,1,0,0.0,0.0,0.0,9.0,622554,2021
Sean Doolittle,34,"Cincinnati,Seattle",56,0,3.0,1.0,1.0,49.2,50,27,25,23,53,7,4.53,1.47,0.316,9.6,448281,2021
Camilo Doval,23,San Francisco,32,0,5.0,2.0,4.0,30.2,21,11,10,9,39,4,2.93,0.978,0.246,11.4,666808,2021
Brandon Drury,28,New York,1,0,,,,0.2,3,2,2,1,0,1,27.0,6.0,0.5,0.0,592273,2021
Tyler Duffey,30,Minnesota,64,0,3.0,3.0,3.0,62.1,48,25,22,28,61,4,3.18,1.219,0.278,8.8,608648,2021
Danny Duffy,32,Kansas City,13,12,4.0,3.0,,61.0,52,19,17,22,65,6,2.51,1.213,0.289,9.6,518633,2021
Matt Duffy,30,Chicago,1,0,,,,0.1,0,0,0,0,0,0,0.0,0.0,0.0,0.0,622110,2021
Robert Dugger,25,Seattle,12,4,,2.0,,25.2,34,24,21,12,19,4,7.36,1.792,0.357,6.7,667498,2021
Justin Dunn,25,Seattle,11,11,1.0,3.0,,50.1,37,21,21,29,49,6,3.75,1.311,0.238,8.8,643290,2021
Dane Dunning,26,Texas,27,25,5.0,10.0,,117.2,126,61,59,43,114,13,4.51,1.436,0.339,8.7,641540,2021
Jon Duplantier,26,Arizona,4,4,,3.0,,13.0,19,19,19,8,12,5,13.15,2.077,0.333,8.3,641541,2021
Adam Eaton,32,Los Angeles,1,0,,,,1.0,2,0,0,0,0,0,0.0,2.0,0.4,0.0,594809,2021
Carl Edwards Jr.,29,"Atlanta,Toronto",7,0,,,,5.2,11,7,7,3,6,3,11.12,2.471,0.421,9.5,605218,2021
Scott Effross,27,Chicago,14,0,2.0,1.0,,14.2,13,6,6,1,18,2,3.68,0.955,0.324,11.0,664123,2021
Zach Eflin,27,Philadelphia,18,18,4.0,7.0,,105.2,116,52,49,16,99,15,4.17,1.249,0.328,8.4,621107,2021
Jerad Eickhoff,30,New York,5,4,,2.0,,19.2,30,24,19,10,13,9,8.69,2.034,0.304,5.9,595191,2021
Seth Elledge,25,St. Louis,11,0,,,,11.2,13,6,6,7,11,1,4.63,1.714,0.375,8.5,676220,2021
Chris Ellis,28,"Baltimore,Tampa Bay",7,6,1.0,,,29.1,21,7,7,14,23,3,2.15,1.193,0.228,7.1,595939,2021
Kent Emanuel,29,Houston,10,0,1.0,,,17.2,12,5,5,4,13,4,2.55,0.906,0.174,6.6,592288,2021
Dietrich Enns,30,Tampa Bay,9,0,2.0,,2.0,22.1,17,8,7,6,25,1,2.82,1.03,0.286,10.1,608650,2021
Nathan Eovaldi,31,Boston,37,36,13.0,11.0,,203.0,201,92,87,40,220,17,3.86,1.187,0.325,9.8,543135,2021
Thomas Eshelman,27,Baltimore,9,6,,3.0,,27.2,34,22,22,10,11,6,7.16,1.59,0.286,3.6,664045,2021
Raynel Espinal,29,Boston,1,0,,,,2.0,2,2,2,1,0,0,9.0,1.5,0.286,0.0,642659,2021
Paolo Espino,34,Washington,35,19,5.0,5.0,1.0,109.2,108,53,52,25,92,19,4.27,1.213,0.283,7.6,502179,2021
Carlos Est\xc3\xa9vez,28,Colorado,64,0,3.0,5.0,11.0,61.2,71,32,30,21,60,8,4.38,1.492,0.354,8.8,608032,2021
Demarcus Evans,24,Texas,25,0,,2.0,,26.1,24,16,15,16,33,4,5.13,1.519,0.308,11.3,663770,2021
Phillip Evans,28,Pittsburgh,1,0,,,,1.0,0,0,0,0,0,0,0.0,0.0,0.0,0.0,595943,2021
Pete Fairbanks,27,Tampa Bay,49,0,3.0,6.0,5.0,45.1,41,23,18,22,58,3,3.57,1.39,0.333,11.5,664126,2021
Bailey Falter,24,Philadelphia,22,1,2.0,1.0,,33.2,34,21,21,6,34,5,5.61,1.188,0.315,9.1,663559,2021
Jeurys Familia,31,New York,65,0,9.0,4.0,1.0,59.1,57,31,26,27,72,10,3.94,1.416,0.318,10.9,544727,2021
Jake Faria,27,Arizona,23,3,,,,32.2,39,21,20,13,32,5,5.51,1.592,0.337,8.8,607188,2021
Buck Farmer,30,Detroit,36,0,,,,35.1,40,25,25,21,37,9,6.37,1.726,0.313,9.4,571656,2021
Luke Farrell,30,Minnesota,20,1,1.0,1.0,,24.2,28,13,13,13,25,4,4.74,1.662,0.338,9.1,608652,2021
Erick Fedde,28,Washington,29,27,7.0,9.0,,133.1,144,90,81,48,128,23,5.47,1.44,0.32,8.6,607200,2021
Michael Feliz,28,"Boston,Cincinnati,Oakland,Pittsburgh",21,0,,,1.0,20.0,26,17,16,7,22,4,7.2,1.65,0.386,9.9,593140,2021
Neftal\xc3\xad Feliz,33,"Los Angeles,Philadelphia",5,0,,1.0,,4.0,5,4,4,1,3,1,9.0,1.5,0.308,6.8,491703,2021
Ryan Feltner,24,Colorado,2,2,,1.0,,6.1,9,8,8,5,6,3,11.37,2.211,0.333,8.5,663372,2021
Julian Fern\xc3\xa1ndez,25,Colorado,6,0,,,,6.2,9,8,8,4,4,2,10.8,1.95,0.304,5.4,642759,2021
Junior Fern\xc3\xa1ndez,24,St. Louis,18,0,1.0,,,20.2,25,13,13,15,15,2,5.66,1.935,0.354,6.5,658551,2021
J.P. Feyereisen,28,"Milwaukee,Tampa Bay",58,0,4.0,5.0,3.0,59.2,42,24,18,33,55,5,2.72,1.257,0.24,8.3,656420,2021
Mike Fiers,36,Oakland,2,2,,2.0,,9.1,15,8,8,4,5,4,7.71,2.036,0.344,4.8,571666,2021
Kyle Finnegan,29,Washington,68,0,5.0,9.0,11.0,66.0,64,39,26,34,68,9,3.55,1.485,0.309,9.3,640448,2021
Jay Flaa,29,"Atlanta,Baltimore",2,0,,,,2.2,3,4,4,3,3,2,13.5,2.25,0.2,10.1,664852,2021
Jack Flaherty,25,St. Louis,17,15,9.0,2.0,,78.1,57,35,28,26,85,12,3.22,1.06,0.236,9.8,656427,2021
Josh Fleming,25,Tampa Bay,28,11,10.0,8.0,1.0,105.1,113,60,59,31,66,11,5.04,1.367,0.3,5.6,676596,2021
Aaron Fletcher,25,Seattle,4,0,,,,3.2,7,5,5,1,2,1,12.27,2.182,0.375,4.9,667465,2021
Chris Flexen,26,Seattle,31,31,14.0,6.0,,179.2,185,74,72,40,125,19,3.61,1.252,0.3,6.3,623167,2021
Bernardo Flores Jr.,25,St. Louis,1,0,,,,0.0,1,1,1,2,0,0,,,1.0,,641576,2021
Dylan Floro,30,Miami,68,0,6.0,6.0,15.0,64.0,53,25,20,25,62,2,2.81,1.219,0.282,8.7,571670,2021
Jason Foley,25,Detroit,11,0,,,,10.1,8,3,3,5,6,1,2.61,1.258,0.233,5.2,671345,2021
Mike Foltynewicz,29,Texas,28,24,2.0,12.0,,139.0,139,86,84,36,97,35,5.44,1.259,0.256,6.3,592314,2021
Matt Foster,26,Chicago,37,0,2.0,1.0,1.0,39.0,43,27,26,13,40,9,6.0,1.436,0.309,9.2,641582,2021
Seth Frankoff,32,Arizona,4,3,,2.0,,14.2,20,15,15,9,11,4,9.2,1.977,0.356,6.8,571676,2021
Kyle Freeland,28,Colorado,23,23,7.0,8.0,,120.2,133,59,58,38,105,20,4.33,1.417,0.328,7.8,607536,2021
Mike Freeman,33,Cincinnati,1,0,,,,0.1,0,0,0,0,1,0,0.0,0.0,,27.0,502273,2021
Luis Fr\xc3\xadas,23,Arizona,3,0,,,,3.1,2,1,1,5,3,0,2.7,2.1,0.25,8.1,666818,2021
Max Fried,27,Atlanta,33,33,16.0,9.0,,193.1,169,74,69,44,187,18,3.21,1.102,0.29,8.7,608331,2021
Jace Fry,27,Chicago,6,0,,1.0,,6.2,10,8,8,6,3,1,10.8,2.4,0.45,4.1,605240,2021
Paul Fry,28,Baltimore,52,0,4.0,5.0,2.0,47.1,37,34,32,35,60,3,6.08,1.521,0.304,11.4,643316,2021
Joshua Fuentes,28,Colorado,1,0,,,,1.0,1,0,0,0,0,0,0.0,1.0,0.25,0.0,658069,2021
Carson Fulmer,27,Cincinnati,20,0,,,,25.2,26,20,19,13,24,3,6.66,1.519,0.319,8.4,608334,2021
Michael Fulmer,28,Detroit,52,4,5.0,6.0,14.0,69.2,69,27,23,20,73,7,2.97,1.278,0.323,9.4,605242,2021
Kyle Funkhouser,27,Detroit,57,2,7.0,4.0,1.0,68.1,58,32,26,38,63,6,3.42,1.405,0.28,8.3,608335,2021
Giovanny Gallegos,29,St. Louis,74,0,6.0,5.0,14.0,81.1,52,28,27,20,97,6,2.99,0.885,0.25,10.7,606149,2021
Zac Gallen,25,Arizona,23,23,4.0,10.0,,121.1,108,61,58,49,139,19,4.3,1.294,0.289,10.3,668678,2021
John Gant,28,"Minnesota,St. Louis",39,21,5.0,11.0,,110.0,95,56,50,71,92,10,4.09,1.509,0.275,7.5,607231,2021
Bryan Garcia,26,Detroit,39,0,3.0,2.0,2.0,39.1,48,38,33,25,32,10,7.55,1.856,0.314,7.3,650530,2021
Deivi Garc\xc3\xada,22,New York,2,2,,2.0,,8.1,8,7,6,4,7,1,6.48,1.44,0.28,7.6,665620,2021
Edgar Garc\xc3\xada,24,"Cincinnati,Minnesota",11,0,,1.0,,14.2,19,22,20,8,12,5,12.27,1.841,0.304,7.4,658305,2021
Jarl\xc3\xadn Garc\xc3\xada,28,San Francisco,60,0,6.0,3.0,1.0,70.0,50,28,21,19,69,10,2.7,0.986,0.23,8.9,606424,2021
Luis Garcia,34,St. Louis,35,0,1.0,1.0,2.0,35.0,26,12,12,9,34,2,3.09,1.0,0.25,8.7,472610,2021
Luis Garcia,24,Houston,35,33,12.0,11.0,,171.0,146,76,74,62,188,22,3.89,1.216,0.289,9.9,677651,2021
Robel Garc\xc3\xada,28,Houston,1,0,,,,1.0,5,4,4,0,0,2,36.0,5.0,0.5,0.0,596825,2021
Rony Garc\xc3\xada,23,Detroit,2,0,,,,3.2,1,1,1,2,2,1,2.45,0.818,0.0,4.9,665621,2021
Yimi Garc\xc3\xada,30,"Houston,Miami",72,0,5.0,10.0,15.0,66.2,58,40,34,21,68,10,4.59,1.185,0.276,9.2,554340,2021
Amir Garrett,29,Cincinnati,63,0,,4.0,7.0,47.2,46,34,32,29,61,9,6.04,1.573,0.322,11.5,607237,2021
Braxton Garrett,23,Miami,8,7,1.0,2.0,,34.0,42,20,19,20,32,3,5.03,1.824,0.398,8.5,666129,2021
Justin Garza,27,Cleveland,21,0,2.0,1.0,,28.2,27,16,15,18,29,5,4.71,1.57,0.293,9.1,621057,2021
Ralph Garza,27,"Houston,Minnesota",27,0,1.0,4.0,1.0,30.1,24,15,12,14,29,5,3.56,1.253,0.244,8.6,621248,2021
Kevin Gausman,30,San Francisco,35,34,14.0,7.0,,198.0,154,70,64,53,234,20,2.91,1.045,0.275,10.6,592332,2021
Domingo Germ\xc3\xa1n,28,New York,22,18,4.0,5.0,,98.1,89,52,50,27,98,17,4.58,1.18,0.271,9.0,593334,2021
Ian Gibaut,27,Minnesota,3,0,,,,6.2,7,2,2,2,4,2,2.7,1.35,0.263,5.4,664139,2021
Kyle Gibson,33,"Philadelphia,Texas",31,30,10.0,9.0,,182.0,158,78,75,64,155,17,3.71,1.22,0.278,7.7,502043,2021
Luis Gil,23,New York,6,6,1.0,1.0,,29.1,20,11,10,19,38,4,3.07,1.33,0.239,11.7,661563,2021
Logan Gilbert,24,Seattle,24,24,6.0,5.0,,119.1,112,63,62,28,128,17,4.68,1.173,0.295,9.7,669302,2021
Tyler Gilbert,27,Arizona,9,6,2.0,2.0,,40.0,28,17,14,13,25,4,3.15,1.025,0.212,5.6,656457,2021
Lucas Gilbreath,25,Colorado,47,1,3.0,2.0,1.0,42.2,33,18,16,23,44,5,3.38,1.313,0.25,9.3,656458,2021
Kevin Ginkel,27,Arizona,32,0,,1.0,,28.1,30,24,20,14,31,7,6.35,1.553,0.311,9.8,656464,2021
Lucas Giolito,26,Chicago,32,32,11.0,9.0,,183.0,148,78,74,57,205,27,3.64,1.12,0.269,10.1,608337,2021
Mychal Givens,31,"Cincinnati,Colorado",54,0,4.0,3.0,8.0,51.0,43,22,19,27,54,7,3.35,1.373,0.286,9.5,571710,2021
Tyler Glasnow,27,Tampa Bay,14,14,5.0,2.0,,88.0,55,26,26,27,123,10,2.66,0.932,0.25,12.6,607192,2021
Zack Godley,31,Milwaukee,2,1,,1.0,,3.1,4,7,6,5,5,2,16.2,2.7,0.286,13.5,643327,2021
Austin Gomber,27,Colorado,23,23,9.0,9.0,,115.1,102,64,58,41,113,20,4.53,1.24,0.265,8.8,596295,2021
Stephen Gonsalves,26,Boston,3,0,,,,4.1,2,2,2,2,4,0,4.15,0.923,0.182,8.3,624427,2021
Tony Gonsolin,27,Los Angeles,18,13,5.0,1.0,,59.2,46,25,25,35,69,10,3.77,1.358,0.254,10.4,664062,2021
Marco Gonzales,29,Seattle,25,25,10.0,6.0,,143.1,125,64,63,42,108,29,3.96,1.165,0.24,6.8,594835,2021
Chi Chi Gonz\xc3\xa1lez,29,Colorado,24,18,3.0,7.0,,101.2,127,74,73,28,56,18,6.46,1.525,0.323,5.0,592346,2021
Marwin Gonz\xc3\xa1lez,32,Boston,1,0,,,,1.0,0,0,0,0,0,0,0.0,0.0,0.0,0.0,503556,2021
Romy Gonzalez,24,Chicago,1,0,,,,0.1,0,0,0,0,1,0,0.0,0.0,,27.0,663853,2021
Victor Gonz\xc3\xa1lez,25,Los Angeles,44,1,3.0,1.0,1.0,35.1,32,14,14,19,33,3,3.57,1.443,0.302,8.4,624647,2021
Anthony Gose,30,Cleveland,6,0,,,,6.2,2,1,1,2,9,0,1.35,0.6,0.154,12.2,543238,2021
Ashton Goudeau,28,"Cincinnati,Colorado",16,1,2.0,1.0,,34.1,24,16,16,17,22,4,4.19,1.194,0.215,5.8,623485,2021
Brusdar Graterol,22,Los Angeles,42,1,3.0,1.0,,42.1,38,19,18,13,34,2,3.83,1.205,0.286,7.2,660813,2021
Kendall Graveman,30,"Houston,Seattle",62,0,6.0,1.0,10.0,67.0,42,17,13,24,72,4,1.75,0.985,0.242,9.7,608665,2021
Jon Gray,29,Colorado,29,29,8.0,12.0,,149.0,140,83,76,58,157,21,4.59,1.329,0.299,9.5,592351,2021
Josiah Gray,23,"Los Angeles,Washington",14,13,2.0,2.0,,70.2,63,44,43,33,76,19,5.48,1.358,0.256,9.7,680686,2021
Sonny Gray,31,Cincinnati,26,26,7.0,9.0,,135.1,115,67,63,50,155,19,4.19,1.219,0.282,10.3,543243,2021
Chad Green,30,New York,68,0,10.0,7.0,6.0,85.1,58,32,29,18,101,14,3.06,0.891,0.235,10.7,643338,2021
Conner Greene,26,"Baltimore,Los Angeles",24,1,1.0,3.0,,25.1,32,20,20,12,26,1,7.11,1.737,0.392,9.2,641632,2021
Shane Greene,32,"Atlanta,Los Angeles",28,0,,1.0,1.0,23.2,25,19,19,14,24,6,7.23,1.648,0.292,9.1,572888,2021
Zack Greinke,37,Houston,33,31,11.0,6.0,,177.1,171,84,81,39,124,31,4.11,1.184,0.265,6.3,425844,2021
Robert Gsellman,27,New York,17,1,,1.0,,28.2,27,14,12,7,17,3,3.77,1.186,0.27,5.3,607229,2021
Reymin Guduan,29,Oakland,11,0,,,,14.1,19,11,10,5,5,1,6.28,1.674,0.34,3.1,594056,2021
Sean Guenther,25,Miami,14,0,,1.0,,20.1,31,22,21,10,15,1,9.3,2.016,0.411,6.6,674944,2021
Deolis Guerra,32,Oakland,53,0,4.0,1.0,,65.2,53,34,30,20,62,8,4.11,1.112,0.259,8.5,500610,2021
Javy Guerra,35,Washington,6,0,,1.0,,6.0,12,13,11,3,4,3,16.5,2.5,0.409,6.0,457915,2021
Javy Guerra,25,San Diego,4,0,,,,3.2,4,2,2,2,3,0,4.91,1.636,0.308,7.4,642770,2021
Junior Guerra,36,Los Angeles,41,1,5.0,2.0,,65.1,67,45,44,46,61,6,6.06,1.73,0.319,8.4,448855,2021
Luis Guillorme,26,New York,1,0,,,,1.0,3,2,2,1,0,0,18.0,4.0,0.5,0.0,641645,2021
Preston Guilmet,33,Miami,2,0,,,,2.0,2,1,1,0,1,1,4.5,1.0,0.2,4.5,543258,2021
Jandel Gustave,28,Milwaukee,14,0,1.0,2.0,,18.1,15,10,7,5,13,2,3.44,1.091,0.236,6.4,594311,2021
Vladimir Gutierrez,25,Cincinnati,22,22,9.0,6.0,,114.0,115,61,60,46,88,20,4.74,1.412,0.285,6.9,661269,2021
Jorge Guzm\xc3\xa1n,25,Miami,2,0,,,,1.2,4,6,6,6,3,0,32.4,6.0,0.667,16.2,660422,2021
Josh Hader,27,Milwaukee,62,0,4.0,3.0,35.0,60.2,27,9,9,25,105,4,1.34,0.857,0.237,15.6,623352,2021
Jesse Hahn,31,Kansas City,5,0,,,1.0,3.1,5,5,5,4,3,2,13.5,2.7,0.333,8.1,534910,2021
David Hale,33,Philadelphia,17,1,,2.0,,26.2,30,20,19,9,21,5,6.41,1.463,0.313,7.1,571735,2021
J.D. Hammer,26,Philadelphia,20,0,1.0,1.0,,20.0,21,11,11,11,22,3,4.95,1.6,0.321,9.9,670456,2021
Brad Hand,31,"New York,Toronto,Washington",68,0,6.0,7.0,21.0,64.2,56,39,28,26,61,9,3.9,1.268,0.272,8.5,543272,2021
Eric Hanhold,27,Baltimore,10,0,,,,10.1,13,9,8,3,6,2,6.97,1.548,0.314,5.2,621098,2021
J.A. Happ,38,"Minnesota,St. Louis",30,30,10.0,8.0,,152.1,177,100,98,48,122,30,5.79,1.477,0.315,7.2,457918,2021
Blaine Hardy,34,Milwaukee,1,0,,1.0,,1.0,3,3,2,1,1,0,18.0,4.0,0.75,9.0,543278,2021
Ryne Harper,32,Washington,34,0,,2.0,,35.2,28,16,16,14,31,6,4.04,1.178,0.232,7.8,607560,2021
Will Harris,36,Washington,8,0,,1.0,,6.0,7,6,6,3,9,1,9.0,1.667,0.353,13.5,501789,2021
Geoff Hartlieb,27,"New York,Pittsburgh",7,0,,,,9.0,10,11,11,11,9,0,11.0,2.333,0.37,9.0,664129,2021
Ryan Hartman,27,Houston,1,0,,,,2.1,3,1,1,0,2,1,3.86,1.286,0.286,7.7,670057,2021
Hunter Harvey,26,Baltimore,9,0,,,,8.2,8,4,4,3,6,1,4.15,1.269,0.269,6.2,640451,2021
Matt Harvey,32,Baltimore,28,28,6.0,14.0,,127.2,160,96,89,37,95,19,6.27,1.543,0.333,6.7,518774,2021
Thomas Hatch,26,Toronto,3,2,,1.0,,9.1,11,7,7,6,8,2,6.75,1.821,0.321,7.7,641672,2021
Louis Head,31,Tampa Bay,27,2,2.0,,,35.0,21,10,9,9,32,2,2.31,0.857,0.216,8.2,545343,2021
Andrew Heaney,30,"Los Angeles,New York",30,23,8.0,9.0,,129.2,130,85,84,41,150,29,5.83,1.319,0.304,10.4,571760,2021
Taylor Hearn,26,Texas,42,11,6.0,6.0,,104.1,96,58,54,42,92,17,4.66,1.323,0.277,7.9,621368,2021
Jonathan Heasley,24,Kansas City,3,3,1.0,1.0,,14.2,15,8,8,3,6,3,4.91,1.227,0.267,3.7,669169,2021
Ryan Helsley,26,St. Louis,51,0,6.0,4.0,1.0,47.1,40,24,24,27,47,4,4.56,1.415,0.283,8.9,664854,2021
Heath Hembree,32,"Cincinnati,New York",60,0,2.0,7.0,9.0,58.0,45,39,36,24,83,12,5.59,1.19,0.27,12.9,592390,2021
Kyle Hendricks,31,Chicago,32,32,14.0,7.0,,181.0,200,101,96,44,131,31,4.77,1.348,0.302,6.5,543294,2021
Liam Hendriks,32,Chicago,72,0,8.0,3.0,38.0,74.0,48,26,23,8,119,12,2.8,0.757,0.259,14.5,521230,2021
Ryan Hendrix,26,Cincinnati,36,0,5.0,1.0,,31.2,33,23,21,16,35,8,5.97,1.547,0.305,9.9,641682,2021
Sam Hentges,24,Cleveland,30,12,1.0,4.0,,68.2,90,54,51,32,68,10,6.68,1.777,0.386,8.9,656529,2021
Jimmy Herget,27,"Los Angeles,Texas",18,0,2.0,3.0,,18.2,20,12,11,4,20,1,5.3,1.286,0.38,9.6,623474,2021
Carlos Hern\xc3\xa1ndez,24,Kansas City,24,11,6.0,2.0,,85.2,69,36,35,41,74,7,3.68,1.284,0.267,7.8,672578,2021
Darwinzon Hern\xc3\xa1ndez,24,Boston,50,0,2.0,2.0,,41.1,31,19,17,32,57,7,3.7,1.524,0.276,12.4,650382,2021
Elieser Hern\xc3\xa1ndez,26,Miami,11,11,1.0,3.0,,51.2,54,26,24,14,53,13,4.18,1.316,0.293,9.2,622694,2021
David Hess,27,"Miami,Tampa Bay",15,1,2.0,2.0,,20.0,32,24,22,11,18,10,9.9,2.15,0.355,8.1,605276,2021
Codi Heuer,24,Chicago,65,0,7.0,4.0,2.0,67.1,65,34,32,23,56,7,4.28,1.307,0.307,7.5,676051,2021
Jordan Hicks,24,St. Louis,10,0,,,,10.0,5,6,6,10,10,0,5.4,1.5,0.208,9.0,663855,2021
Trevor Hildenberger,30,New York,2,0,,,,2.1,3,4,4,3,4,1,15.43,2.571,0.4,15.4,657610,2021
Rich Hill,41,"New York,Tampa Bay",32,31,7.0,8.0,,158.2,137,70,68,55,150,21,3.86,1.21,0.279,8.5,448179,2021
Tim Hill,31,San Diego,78,0,6.0,6.0,1.0,59.2,51,34,24,23,56,9,3.62,1.24,0.264,8.4,657612,2021
Jeff Hoffman,28,Cincinnati,31,11,3.0,5.0,,73.0,70,41,37,45,79,12,4.56,1.575,0.301,9.7,656546,2021
Bryan Holaday,33,Arizona,1,0,,,,1.0,1,1,1,1,0,1,9.0,2.0,0.0,0.0,592407,2021
Derek Holland,34,Detroit,39,1,3.0,2.0,,49.2,58,29,28,20,51,6,5.07,1.57,0.354,9.2,502706,2021
Greg Holland,35,Kansas City,57,0,3.0,5.0,8.0,55.2,49,32,30,26,53,9,4.85,1.347,0.261,8.6,518813,2021
Jordan Holloway,25,Miami,13,4,2.0,3.0,,36.0,23,19,16,26,36,3,4.0,1.361,0.215,9.0,656548,2021
Clay Holmes,28,"New York,Pittsburgh",70,0,8.0,4.0,,72.0,54,32,28,29,79,5,3.5,1.153,0.274,9.9,605280,2021
Brock Holt,33,Texas,1,0,,,,1.0,1,0,0,0,0,0,0.0,1.0,0.333,0.0,571788,2021
Brent Honeywell Jr.,26,Tampa Bay,3,2,,,,4.1,5,4,4,3,4,2,8.31,1.846,0.25,8.3,641703,2021
Tanner Houck,25,Boston,23,13,2.0,5.0,1.0,79.1,64,38,33,21,97,7,3.74,1.071,0.3,11.0,656557,2021
Adrian Houser,28,Milwaukee,30,26,11.0,7.0,,145.1,122,65,55,65,106,14,3.41,1.287,0.262,6.6,605288,2021
Sam Howard,28,Pittsburgh,54,1,3.0,4.0,,45.0,34,29,28,32,60,7,5.6,1.467,0.281,12.0,607572,2021
Spencer Howard,24,"Philadelphia,Texas",19,15,,5.0,,49.2,53,45,41,27,52,7,7.43,1.611,0.329,9.4,675921,2021
James Hoyt,34,Los Angeles,9,0,,,,8.0,12,10,6,7,11,0,6.75,2.375,0.462,12.4,624586,2021
Dakota Hudson,26,St. Louis,2,1,1.0,,,8.2,7,2,2,1,6,0,2.08,0.923,0.269,6.2,641712,2021
Daniel Hudson,34,"San Diego,Washington",54,0,5.0,3.0,,51.2,40,22,19,16,75,8,3.31,1.084,0.288,13.1,543339,2021
Tommy Hunter,34,New York,4,1,,,,8.0,4,0,0,3,6,0,0.0,0.875,0.19,6.8,488984,2021
Drew Hutchison,30,Detroit,9,2,3.0,1.0,,21.1,20,11,5,11,10,1,2.11,1.453,0.279,4.2,571800,2021
Raisel Iglesias,31,Los Angeles,65,0,7.0,5.0,34.0,70.0,53,25,20,12,103,11,2.57,0.929,0.29,13.2,628452,2021
Cole Irvin,27,Oakland,32,32,10.0,15.0,,178.1,195,94,84,42,125,23,4.24,1.329,0.305,6.3,608344,2021
Tyler Ivey,25,Houston,1,1,,,,4.2,6,4,4,1,3,1,7.71,1.5,0.333,5.8,663959,2021
Andre Jackson,25,Los Angeles,3,0,,1.0,1.0,11.2,10,3,3,6,10,1,2.31,1.371,0.29,7.7,656578,2021
Jay Jackson,33,San Francisco,23,1,2.0,1.0,,21.2,15,9,9,12,28,3,3.74,1.246,0.261,11.6,543351,2021
Luke Jackson,29,Atlanta,82,0,2.0,3.0,,72.1,56,20,19,33,79,7,2.36,1.23,0.275,9.8,592426,2021
Josh James,28,Houston,5,0,,,,5.0,4,3,3,2,8,1,5.4,1.2,0.3,14.4,657624,2021
Mickey Jannis,33,Baltimore,1,0,,,,3.1,8,7,7,4,1,3,18.9,3.6,0.385,2.7,595263,2021
Kenley Jansen,33,Los Angeles,77,0,6.0,4.0,39.0,76.0,39,21,17,37,100,4,2.01,1.0,0.222,11.8,445276,2021
Cristian Javier,24,Houston,42,9,4.0,2.0,2.0,112.0,74,45,44,59,149,19,3.54,1.188,0.235,12.0,664299,2021
Griffin Jax,26,Minnesota,18,14,4.0,5.0,,82.0,82,62,58,29,65,23,6.37,1.354,0.248,7.1,643377,2021
Daulton Jefferies,25,Oakland,5,1,1.0,,,15.0,11,6,6,4,8,1,3.6,1.0,0.227,4.8,641726,2021
Jake Jewell,28,Chicago,10,0,,2.0,,10.0,18,12,11,5,10,5,9.9,2.3,0.419,9.0,657228,2021
Joe Jim\xc3\xa9nez,26,Detroit,52,0,6.0,1.0,1.0,45.1,34,33,30,35,57,6,5.96,1.522,0.269,11.3,641729,2021
DJ Johnson,31,"Cleveland,Tampa Bay",4,0,,,,4.1,2,1,1,0,5,1,2.08,0.462,0.111,10.4,597113,2021
Pierce Johnson,30,San Diego,63,2,3.0,4.0,,58.2,47,21,21,27,77,6,3.22,1.261,0.308,11.8,572955,2021
Damon Jones,26,Philadelphia,1,0,,,,0.1,1,0,0,2,0,0,0.0,9.0,0.5,0.0,676103,2021
Nate Jones,35,"Atlanta,Los Angeles",20,0,,2.0,,19.0,16,15,12,12,14,7,5.68,1.474,0.17,6.6,518858,2021
Jakob Junis,28,Kansas City,16,6,2.0,4.0,,39.1,43,24,23,12,41,7,5.26,1.398,0.333,9.4,596001,2021
Janson Junk,25,Los Angeles,4,4,,1.0,,16.1,20,11,7,2,10,5,3.86,1.347,0.283,5.5,676083,2021
James Kaprielian,27,Oakland,24,21,8.0,5.0,,119.1,105,55,54,41,123,19,4.07,1.223,0.276,9.3,621076,2021
James Karinchak,25,Cleveland,60,0,7.0,4.0,11.0,55.1,35,27,25,32,78,9,4.07,1.211,0.228,12.7,675916,2021
Anthony Kay,26,Toronto,11,5,1.0,2.0,,33.2,38,22,21,18,39,7,5.61,1.663,0.348,10.4,641743,2021
Scott Kazmir,37,San Francisco,5,4,,1.0,,11.1,15,9,8,6,10,3,6.35,1.853,0.343,7.9,431148,2021
Keone Kela,28,San Diego,12,0,2.0,2.0,,10.2,11,8,6,3,13,3,5.06,1.313,0.276,11.0,605309,2021
Brad Keller,25,Kansas City,26,26,8.0,12.0,,133.2,158,89,80,64,120,18,5.39,1.661,0.347,8.1,641745,2021
Kyle Keller,28,Pittsburgh,32,0,1.0,1.0,,33.1,30,27,24,22,36,9,6.48,1.56,0.253,9.7,664918,2021
Mitch Keller,25,Pittsburgh,23,23,5.0,11.0,,100.2,131,69,69,49,92,10,6.17,1.788,0.392,8.2,656605,2021
Joe Kelly,33,Los Angeles,55,1,3.0,,2.0,49.1,33,19,17,16,55,4,3.1,0.993,0.234,10.0,523260,2021
Merrill Kelly,32,Arizona,27,27,7.0,11.0,,158.0,163,82,78,41,130,21,4.44,1.291,0.305,7.4,518876,2021
Ian Kennedy,36,"Philadelphia,Texas",55,0,3.0,1.0,26.0,56.1,45,21,20,17,62,12,3.2,1.101,0.246,9.9,453178,2021
Clayton Kershaw,33,Los Angeles,22,22,10.0,8.0,,121.2,103,51,48,21,144,15,3.55,1.019,0.292,10.7,477132,2021
Dallas Keuchel,33,Chicago,32,30,9.0,9.0,,162.0,189,105,95,59,95,25,5.28,1.531,0.308,5.3,572971,2021
Mike Kickham,32,Los Angeles,1,0,,,,2.0,5,3,3,1,2,1,13.5,3.0,0.571,9.0,592464,2021
Yusei Kikuchi,30,Seattle,29,29,7.0,9.0,,157.0,145,82,77,62,163,27,4.41,1.318,0.289,9.3,579328,2021
Kwang Hyun Kim,32,St. Louis,27,21,7.0,7.0,1.0,106.2,98,46,41,39,80,12,3.46,1.284,0.273,6.8,547942,2021
Craig Kimbrel,33,Chicago,66,0,4.0,5.0,24.0,61.2,34,22,17,24,100,7,2.48,0.941,0.241,14.6,518886,2021
John King,26,Texas,27,0,7.0,5.0,,46.0,41,24,18,12,40,3,3.52,1.152,0.286,7.8,667463,2021
Michael King,26,New York,22,6,2.0,4.0,,63.1,57,29,25,24,62,6,3.55,1.279,0.291,8.8,650633,2021
Tyler Kinley,30,Colorado,70,0,3.0,2.0,,70.1,59,37,37,26,68,12,4.73,1.209,0.253,8.7,641755,2021
Brandon Kintzler,36,Philadelphia,29,1,2.0,1.0,,29.2,45,23,21,8,22,7,6.37,1.787,0.369,6.7,445213,2021
Andrew Kittredge,31,Tampa Bay,59,4,9.0,3.0,8.0,75.0,57,21,15,15,79,7,1.8,0.96,0.266,9.5,552640,2021
Gabe Klobosits,26,Washington,11,0,,1.0,,11.1,13,8,7,5,5,0,5.56,1.588,0.317,4.0,656620,2021
Corey Kluber,35,New York,16,16,5.0,3.0,,80.0,74,37,34,33,82,8,3.83,1.338,0.311,9.2,446372,2021
Andrew Knapp,29,Philadelphia,1,0,,,,0.1,0,0,0,0,0,0,0.0,0.0,0.0,0.0,595284,2021
Corey Knebel,29,Los Angeles,34,6,4.0,,3.0,31.1,21,10,9,10,41,2,2.59,0.989,0.268,11.8,608349,2021
Reiss Knehr,24,San Diego,12,5,1.0,2.0,,29.0,23,16,16,20,20,2,4.97,1.483,0.247,6.2,663753,2021
Dusten Knight,30,Baltimore,7,0,,,,8.2,11,10,9,5,11,1,9.35,1.846,0.37,11.4,643400,2021
Brody Koerner,27,New York,2,0,,,,3.0,2,1,1,2,1,0,3.0,1.333,0.222,3.0,621259,2021
Adam Kolarek,32,Oakland,12,0,,,,9.0,15,10,8,5,4,2,8.0,2.222,0.342,4.0,592473,2021
Michael Kopech,25,Chicago,46,4,5.0,3.0,,72.1,61,33,33,25,108,10,4.11,1.189,0.323,13.4,656629,2021
Jackson Kowar,24,Kansas City,9,8,,6.0,,30.1,43,38,38,20,29,7,11.27,2.077,0.375,8.6,663804,2021
Max Kranick,23,Pittsburgh,9,9,2.0,3.0,,38.2,47,28,27,19,32,4,6.28,1.707,0.352,7.4,668820,2021
Joey Krehbiel,28,"Baltimore,Tampa Bay",6,0,,,,8.1,5,4,4,5,7,1,4.32,1.2,0.19,7.6,607216,2021
Dean Kremer,25,Baltimore,13,13,,7.0,,53.2,63,46,45,25,47,17,7.55,1.64,0.297,7.9,665152,2021
Brooks Kriske,27,"Baltimore,New York",12,0,2.0,1.0,,11.1,17,19,18,6,11,7,14.29,2.029,0.333,8.7,621139,2021
Ian Krol,30,Detroit,18,0,,,,18.2,23,10,9,8,18,2,4.34,1.661,0.368,8.7,571871,2021
Chad Kuhl,28,Pittsburgh,28,14,5.0,7.0,,80.1,73,50,43,42,75,13,4.82,1.432,0.288,8.4,641771,2021
Brady Lail,27,Seattle,2,0,,,,2.0,4,3,3,0,1,1,13.5,2.0,0.375,4.5,621078,2021
Travis Lakins Sr.,27,Baltimore,24,1,1.0,4.0,,28.0,23,20,18,17,24,4,5.79,1.429,0.247,7.7,664042,2021
Jimmy Lambert,26,Chicago,4,3,1.0,1.0,,13.0,16,9,9,6,10,3,6.23,1.692,0.333,6.9,669424,2021
Peter Lambert,24,Colorado,2,2,,,,5.2,12,7,7,2,3,2,11.12,2.471,0.435,4.8,663567,2021
Dinelson Lamet,28,San Diego,22,9,2.0,4.0,,47.0,48,24,23,22,57,6,4.4,1.489,0.347,10.9,659275,2021
Alex Lange,25,Detroit,36,0,1.0,3.0,1.0,35.2,37,18,16,16,39,5,4.04,1.486,0.323,9.8,656638,2021
Jacob Latz,25,Texas,1,1,,1.0,,4.2,5,3,3,0,4,3,5.79,1.071,0.167,7.7,656641,2021
Eric Lauer,26,Milwaukee,25,21,7.0,5.0,,122.1,98,48,44,43,119,16,3.24,1.153,0.257,8.8,641778,2021
Derek Law,30,Minnesota,9,0,,,,15.0,16,7,7,8,14,2,4.2,1.6,0.326,8.4,571882,2021
Justin Lawrence,26,Colorado,19,0,1.0,,,16.2,21,16,16,19,17,0,8.64,2.4,0.429,9.2,664875,2021
Wade LeBlanc,36,"Baltimore,St. Louis",18,9,,2.0,,49.0,56,24,24,17,29,8,4.41,1.49,0.298,5.3,453281,2021
Dylan Lee,26,Atlanta,5,1,,,,5.0,7,4,4,2,7,2,7.2,1.8,0.357,12.6,669276,2021
Sandy Le\xc3\xb3n,32,Miami,6,0,,,,6.0,7,5,5,1,2,3,7.5,1.333,0.2,3.0,506702,2021
Dominic Leone,29,San Francisco,59,4,4.0,5.0,2.0,55.1,41,18,12,24,51,2,1.95,1.175,0.264,8.3,608678,2021
Jon Lester,37,"St. Louis,Washington",28,28,7.0,6.0,,141.1,159,84,74,55,91,25,4.71,1.514,0.3,5.8,452657,2021
Josh Lindblom,34,Milwaukee,8,0,,,,16.2,23,18,18,10,17,5,9.72,1.98,0.36,9.2,458676,2021
Zack Littell,25,San Francisco,65,2,4.0,,2.0,64.1,52,27,23,24,68,8,3.22,1.181,0.272,9.5,641793,2021
Mauricio Llovera,25,Philadelphia,6,0,1.0,,,6.2,10,7,7,4,7,5,9.45,2.1,0.278,9.5,661440,2021
Jonathan Loaisiga,26,New York,58,0,9.0,4.0,5.0,71.2,56,21,19,19,71,3,2.39,1.047,0.277,8.9,642528,2021
Kyle Lobstein,31,Washington,3,0,,,,1.1,3,3,3,1,1,1,20.25,3.0,0.4,6.8,543456,2021
Sam Long,25,San Francisco,12,5,2.0,1.0,,40.2,37,27,25,15,38,5,5.53,1.279,0.278,8.4,669674,2021
Jorge L\xc3\xb3pez,28,Baltimore,33,25,3.0,14.0,,121.2,142,83,82,56,112,21,6.07,1.627,0.341,8.3,605347,2021
Pablo L\xc3\xb3pez,25,Miami,20,20,5.0,5.0,,102.2,89,37,35,26,115,11,3.07,1.12,0.302,10.1,641154,2021
Reynaldo L\xc3\xb3pez,27,Chicago,21,9,4.0,4.0,,59.2,43,28,23,14,57,11,3.47,0.955,0.216,8.6,625643,2021
Yoan L\xc3\xb3pez,28,Arizona,13,0,,,,12.1,18,10,9,6,13,3,6.57,1.946,0.385,9.5,661255,2021
Michael Lorenzen,29,Cincinnati,27,0,1.0,2.0,4.0,29.0,26,18,18,14,21,2,5.59,1.379,0.279,6.5,547179,2021
Aaron Loup,33,New York,65,2,6.0,,,56.2,37,9,6,16,57,1,0.95,0.935,0.259,9.1,571901,2021
Richard Lovelady,25,Kansas City,20,0,2.0,,1.0,20.2,16,9,8,6,23,3,3.48,1.065,0.255,10.0,663992,2021
Zac Lowther,25,Baltimore,10,6,1.0,3.0,,29.2,36,23,22,13,30,6,6.67,1.652,0.353,9.1,675912,2021
Joey Lucchesi,28,New York,11,8,1.0,4.0,,38.1,34,20,19,11,41,4,4.46,1.174,0.313,9.6,664192,2021
Lucas Luetge,34,New York,57,1,4.0,2.0,1.0,72.1,67,30,22,15,78,6,2.74,1.134,0.308,9.7,476595,2021
Seth Lugo,31,New York,46,0,4.0,3.0,1.0,46.1,41,18,18,19,55,6,3.5,1.295,0.307,10.7,607625,2021
Jordan Luplow,27,Tampa Bay,1,0,,,,1.0,2,1,1,0,0,1,9.0,2.0,0.25,0.0,656669,2021
Jes\xc3\xbas Luzardo,23,"Miami,Oakland",25,18,6.0,9.0,,95.1,106,73,70,48,98,20,6.61,1.615,0.325,9.3,666200,2021
Jordan Lyles,30,Texas,32,30,10.0,13.0,,180.0,194,104,103,56,146,38,5.15,1.389,0.3,7.3,543475,2021
Daniel Lynch IV,24,Kansas City,15,15,4.0,6.0,,68.0,80,46,43,31,55,9,5.69,1.632,0.336,7.3,663738,2021
Lance Lynn,34,Chicago,29,29,11.0,7.0,,160.2,129,57,52,47,180,18,2.91,1.095,0.271,10.1,458681,2021
Andr\xc3\xa9s Machado,28,Washington,40,0,1.0,2.0,,35.2,30,17,14,15,30,4,3.53,1.262,0.26,7.6,600921,2021
Lu\xc3\xads Madero,24,Miami,6,0,,,,12.0,13,12,12,8,4,3,9.0,1.75,0.25,3.0,650347,2021
Kenta Maeda,33,Minnesota,21,21,6.0,5.0,,106.1,106,60,55,32,113,16,4.66,1.298,0.318,9.6,628317,2021
Tyler Mahle,26,Cincinnati,33,33,13.0,6.0,,180.0,158,78,75,64,210,24,3.75,1.233,0.303,10.5,641816,2021
Luke Maile,30,Milwaukee,1,0,,,,1.0,2,1,1,0,0,1,9.0,2.0,0.25,0.0,571912,2021
Sean Manaea,29,Oakland,32,32,11.0,10.0,,179.1,179,79,78,41,194,25,3.91,1.227,0.318,9.7,640455,2021
Matt Manning,23,Detroit,18,18,4.0,7.0,,85.1,96,59,55,33,57,10,5.8,1.512,0.306,6.0,666159,2021
Alek Manoah,23,Toronto,20,20,9.0,2.0,,111.2,77,44,40,40,127,12,3.22,1.048,0.246,10.2,666201,2021
Joe Mantiply,30,Arizona,57,0,,3.0,,39.2,45,24,15,17,38,1,3.4,1.563,0.37,8.6,573009,2021
Dillon Maples,29,Chicago,28,0,1.0,,,31.1,15,10,9,25,40,2,2.59,1.277,0.203,11.5,596027,2021
Nick Margevicius,25,Seattle,5,3,,2.0,,12.0,13,16,11,7,12,2,8.25,1.667,0.289,9.0,676606,2021
Germ\xc3\xa1n M\xc3\xa1rquez,26,Colorado,32,32,12.0,11.0,,180.0,165,92,88,64,176,21,4.4,1.272,0.297,8.8,608566,2021
Evan Marshall,31,Chicago,27,0,,2.0,,27.1,28,17,17,9,26,5,5.6,1.354,0.319,8.6,605359,2021
Jos\xc3\xa9 Marte,25,Los Angeles,4,0,,1.0,,4.0,4,5,4,3,5,1,9.0,1.75,0.333,11.3,665896,2021
Brett Martin,26,Texas,66,0,4.0,4.0,,62.1,67,31,22,14,42,5,3.18,1.299,0.312,6.1,656685,2021
Chris Martin,35,Atlanta,51,0,2.0,4.0,1.0,47.2,53,21,20,6,36,5,3.78,1.238,0.329,6.8,455119,2021
Corbin Martin,25,Arizona,5,3,,3.0,,16.0,23,19,19,14,13,5,10.69,2.313,0.353,7.3,656686,2021
Carlos Mart\xc3\xadnez,29,St. Louis,16,16,4.0,9.0,,82.1,77,58,57,36,57,8,6.23,1.372,0.276,6.2,593372,2021
Seth Martinez,26,Houston,3,0,,,,3.0,5,5,5,3,3,0,15.0,2.667,0.5,9.0,661527,2021
Wyatt Mathisen,27,Arizona,1,0,,,,1.0,1,0,0,0,0,0,0.0,1.0,0.25,0.0,621500,2021
Nick Maton,24,Philadelphia,1,0,,,,0.1,0,0,0,0,1,0,0.0,0.0,,27.0,665155,2021
Phil Maton,28,"Cleveland,Houston",77,1,6.0,,,79.0,74,37,36,35,99,7,4.1,1.38,0.338,11.3,664208,2021
Isaac Mattson,25,Baltimore,4,0,,,,4.1,5,3,3,5,3,0,6.23,2.308,0.333,6.2,676755,2021
Steven Matz,30,Toronto,29,29,14.0,7.0,,150.2,158,70,64,43,144,18,3.82,1.334,0.321,8.6,571927,2021
Tyler Matzek,30,Atlanta,82,0,3.0,4.0,,78.2,50,22,21,41,101,3,2.4,1.157,0.273,11.6,554431,2021
Dustin May,23,Los Angeles,5,5,1.0,1.0,,23.0,16,8,7,6,35,4,2.74,0.957,0.255,13.7,669160,2021
Trevor May,31,New York,68,0,7.0,3.0,4.0,62.2,55,29,25,24,83,10,3.59,1.261,0.302,11.9,543507,2021
Mike Mayers,29,Los Angeles,72,2,5.0,5.0,2.0,75.0,71,32,32,26,90,11,3.84,1.293,0.326,10.8,594577,2021
Jack Mayfield,30,Seattle,1,0,,,,0.1,0,0,0,0,0,0,0.0,0.0,0.0,0.0,608686,2021
Tim Mayza,29,Toronto,61,0,5.0,2.0,1.0,53.0,40,21,20,12,57,5,3.4,0.981,0.265,9.7,641835,2021
Chris Mazza,31,Tampa Bay,14,0,,,1.0,27.1,26,14,14,7,21,3,4.61,1.207,0.291,6.9,607391,2021
Darren McCaughan,25,Seattle,2,1,,,,9.0,8,8,8,4,2,3,8.0,1.333,0.179,2.0,670766,2021
Shane McClanahan,24,Tampa Bay,27,26,11.0,6.0,,129.0,130,54,52,38,144,15,3.63,1.302,0.334,10.0,663556,2021
Lance McCullers Jr.,27,Houston,30,30,14.0,5.0,,173.0,131,60,58,79,194,14,3.02,1.214,0.274,10.1,621121,2021
T.J. McFarland,32,St. Louis,39,0,4.0,2.0,,39.1,32,12,12,10,21,3,2.75,1.068,0.257,4.8,519008,2021
Jake McGee,34,San Francisco,65,0,3.0,2.0,31.0,62.1,46,27,20,10,59,8,2.89,0.898,0.224,8.5,459429,2021
Kyle McGowin,29,Washington,27,0,,,,30.0,21,14,14,14,35,5,4.2,1.167,0.222,10.5,641851,2021
Collin McHugh,34,Tampa Bay,39,8,6.0,2.0,1.0,67.2,51,18,14,13,76,5,1.86,0.946,0.279,10.1,543521,2021
Triston McKenzie,23,Cleveland,25,24,5.0,9.0,,120.0,84,66,66,58,136,21,4.95,1.183,0.227,10.2,663474,2021
Alex McRae,28,Chicago,2,0,,,,2.0,3,1,1,1,1,0,4.5,2.0,0.375,4.5,656725,2021
John Means,28,Baltimore,26,26,6.0,9.0,,146.2,125,64,59,26,134,30,3.62,1.03,0.241,8.2,607644,2021
Nick Mears,24,Pittsburgh,30,0,1.0,,,23.1,25,14,13,13,23,5,5.01,1.629,0.303,8.9,683232,2021
Adonis Medina,24,Philadelphia,4,1,,,,7.2,9,3,3,4,6,0,3.52,1.696,0.391,7.0,658431,2021
Trevor Megill,27,Chicago,28,0,1.0,2.0,,23.2,36,24,22,8,30,7,8.37,1.859,0.426,11.4,656730,2021
Tylor Megill,25,New York,18,18,4.0,6.0,,89.2,88,46,45,27,99,19,4.52,1.283,0.301,9.9,656731,2021
Ryan Meisinger,27,Chicago,7,0,,,,7.1,11,10,10,5,6,2,12.27,2.182,0.375,7.4,664682,2021
Francisco Mejia,25,Tampa Bay,2,0,,,,2.0,6,6,6,0,0,1,27.0,3.0,0.455,0.0,642336,2021
Humberto Mej\xc3\xada,24,Arizona,5,5,,3.0,,22.1,32,19,18,9,20,5,7.25,1.836,0.386,8.1,650668,2021
J.C. Mej\xc3\xada,24,Cleveland,17,11,1.0,7.0,,52.1,60,48,48,24,47,13,8.25,1.605,0.313,8.1,650496,2021
Mark Melancon,36,San Diego,64,0,4.0,3.0,39.0,64.2,54,21,16,25,59,4,2.23,1.222,0.284,8.2,453343,2021
Keury Mella,27,Arizona,2,0,,,,1.2,8,6,6,2,2,2,32.4,6.0,0.667,10.8,622492,2021
Danny Mendick,27,Chicago,1,0,,,,1.0,1,0,0,0,1,0,0.0,1.0,0.333,9.0,664901,2021
Conner Menez,26,San Francisco,8,1,1.0,,,14.0,16,10,6,3,15,2,3.86,1.357,0.333,9.6,669214,2021
Yerm\xc3\xadn Mercedes,28,Chicago,1,0,,,,1.0,3,1,1,2,0,0,9.0,5.0,0.6,0.0,606213,2021
Julian Merryweather,29,Toronto,13,1,,1.0,2.0,13.0,13,7,7,4,12,4,4.85,1.308,0.265,8.3,657240,2021
Keynan Middleton,27,Seattle,32,1,1.0,2.0,4.0,31.0,30,20,17,19,24,2,4.94,1.581,0.301,7.0,641871,2021
Miles Mikolas,32,St. Louis,9,9,2.0,3.0,,44.2,43,24,21,11,31,6,4.23,1.209,0.276,6.2,571945,2021
Wade Miley,34,Cincinnati,28,28,12.0,7.0,,163.0,166,64,61,50,125,17,3.37,1.325,0.306,6.9,489119,2021
Andrew Miller,36,St. Louis,40,0,,,,36.0,41,19,19,16,40,5,4.75,1.583,0.375,10.0,453192,2021
Justin Miller,34,"St. Louis,Washington",23,0,1.0,,1.0,19.0,20,13,13,6,13,5,6.16,1.368,0.273,6.2,502522,2021
Shelby Miller,30,"Chicago,Pittsburgh",13,0,,1.0,,12.2,16,13,13,11,8,3,9.24,2.132,0.333,5.7,571946,2021
Alec Mills,29,Chicago,32,20,6.0,7.0,1.0,119.0,137,75,67,34,87,16,5.07,1.437,0.328,6.6,621219,2021
Wyatt Mills,26,Seattle,11,0,,,,12.2,19,14,14,7,11,1,9.95,2.053,0.409,7.8,670090,2021
Hoby Milner,30,Milwaukee,19,0,,,,21.2,30,15,13,3,30,8,5.4,1.523,0.4,12.5,571948,2021
Tommy Milone,34,Toronto,6,1,1.0,,1.0,14.0,20,10,10,3,17,3,6.43,1.643,0.405,10.9,543548,2021
Juan Minaya,30,Minnesota,29,0,2.0,1.0,,40.0,27,12,11,20,43,4,2.48,1.175,0.237,9.7,573668,2021
Mike Minor,33,Kansas City,28,28,8.0,12.0,,158.2,156,92,89,41,149,26,5.05,1.242,0.291,8.5,501985,2021
A.J. Minter,27,Atlanta,69,0,4.0,7.0,,64.1,52,31,26,24,75,2,3.64,1.181,0.301,10.5,621345,2021
Anthony Misiewicz,26,Seattle,66,0,5.0,5.0,,54.2,61,30,28,15,53,7,4.61,1.39,0.34,8.7,664948,2021
Bryan Mitchell,30,Miami,2,0,,,,4.0,5,2,2,2,4,0,4.5,1.75,0.417,9.0,571951,2021
Casey Mize,24,Detroit,30,30,7.0,9.0,,150.1,130,64,62,41,118,24,3.71,1.137,0.254,7.1,663554,2021
Sam Moll,29,Oakland,8,0,,,,10.1,8,4,4,5,8,1,3.48,1.258,0.25,7.0,594580,2021
Frankie Montas,28,Oakland,32,32,13.0,9.0,,187.0,164,79,70,57,207,20,3.37,1.182,0.298,10.0,593423,2021
Rafael Montero,30,"Houston,Seattle",44,0,5.0,4.0,7.0,49.1,59,40,35,17,42,4,6.39,1.541,0.353,7.7,606160,2021
Jordan Montgomery,28,New York,30,30,6.0,7.0,,157.1,150,73,67,51,162,19,3.83,1.278,0.308,9.3,656756,2021
Matt Moore,32,Philadelphia,24,13,2.0,4.0,,73.0,78,54,51,38,63,15,6.29,1.589,0.303,7.8,519043,2021
Jovani Mor\xc3\xa1n,24,Minnesota,5,0,,,,8.0,9,7,7,7,10,0,7.88,2.0,0.429,11.3,663558,2021
Adri\xc3\xa1n Morej\xc3\xb3n,22,San Diego,2,2,,,,4.2,5,2,2,2,3,2,3.86,1.5,0.231,5.8,670970,2021
Mitch Moreland,35,Oakland,1,0,,,,1.0,1,0,0,0,1,0,0.0,1.0,0.333,9.0,519048,2021
Dauri Moreta,25,Cincinnati,4,0,,,,3.2,2,1,1,1,4,1,2.45,0.818,0.125,9.8,664294,2021
Adam Morgan,31,Chicago,34,0,2.0,1.0,2.0,25.1,22,15,12,12,28,6,4.26,1.342,0.262,9.9,605388,2021
Eli Morgan,25,Cleveland,18,18,5.0,7.0,,89.1,90,54,53,22,81,20,5.34,1.254,0.282,8.2,669212,2021
Shawn Morimando,28,Miami,4,0,,,,10.1,18,11,11,5,9,2,9.58,2.226,0.421,7.8,596049,2021
Reyes Moronta,28,San Francisco,4,0,,,,4.0,1,1,1,0,2,1,2.25,0.25,0.0,4.5,606625,2021
Charlie Morton,37,Atlanta,37,37,14.0,7.0,,202.1,147,83,75,68,238,18,3.34,1.063,0.269,10.6,450203,2021
Kyle Muller,23,Atlanta,9,8,2.0,4.0,,36.2,26,17,17,20,37,2,4.17,1.255,0.261,9.1,666205,2021
Andr\xc3\xa9s Mu\xc3\xb1oz,22,Seattle,1,0,,,,0.2,0,0,0,2,1,0,0.0,3.0,0.0,13.5,662253,2021
Patrick Murphy,26,"Toronto,Washington",25,0,,3.0,,28.0,31,18,16,10,29,3,5.14,1.464,0.341,9.3,641907,2021
Joe Musgrove,28,San Diego,32,31,11.0,9.0,,181.1,142,68,64,54,203,22,3.18,1.081,0.268,10.1,605397,2021
Tommy Nance,30,Chicago,27,0,1.0,1.0,,28.2,25,23,23,13,30,5,7.22,1.326,0.263,9.4,667297,2021
Packy Naughton,25,Los Angeles,7,5,,4.0,,22.2,27,18,16,14,12,3,6.35,1.809,0.308,4.8,676050,2021
Nick Neidert,24,Miami,8,7,1.0,2.0,,35.2,31,18,18,23,21,4,4.54,1.514,0.262,5.3,663734,2021
Jimmy Nelson,32,Los Angeles,28,1,1.0,2.0,,29.0,14,8,6,13,44,0,1.86,0.931,0.259,13.7,519076,2021
Kyle Nelson,24,Cleveland,10,0,,,,9.2,10,10,10,8,8,0,9.31,1.862,0.323,7.4,669459,2021
Nick Nelson,25,New York,11,2,,2.0,,14.1,15,16,14,16,22,0,8.79,2.163,0.405,13.8,656793,2021
Hector Neris,32,Philadelphia,74,0,4.0,7.0,12.0,74.1,55,34,30,32,98,12,3.63,1.17,0.264,11.9,593576,2021
Jake Newberry,26,Kansas City,4,0,,,,4.1,10,8,8,3,5,2,16.62,3.0,0.571,10.4,623470,2021
Sean Newcomb,28,Atlanta,32,0,2.0,,1.0,32.1,28,17,17,27,43,1,4.73,1.701,0.355,12.0,656794,2021
Ljay Newsome,24,Seattle,7,1,1.0,1.0,,14.2,20,14,13,3,16,5,7.98,1.568,0.349,9.8,664714,2021
Vinny Nittoli,30,Seattle,1,0,,,,1.0,1,2,2,2,1,1,18.0,3.0,0.0,9.0,657697,2021
Stephen Nogosek,26,New York,1,0,,1.0,,3.0,3,2,2,0,5,2,6.0,1.0,0.2,15.0,668665,2021
John Nogowski,28,Pittsburgh,3,0,,,,3.0,8,5,5,0,0,0,15.0,2.667,0.5,0.0,596056,2021
Aaron Nola,28,Philadelphia,32,32,9.0,9.0,,180.2,165,95,93,39,223,26,4.63,1.129,0.31,11.1,605400,2021
Sean Nolin,31,Washington,10,5,,2.0,,26.2,32,13,13,13,20,4,4.39,1.688,0.337,6.8,543594,2021
Daniel Norris,28,"Detroit,Milwaukee",56,0,2.0,3.0,1.0,57.0,55,41,39,30,58,9,6.16,1.491,0.311,9.2,596057,2021
Aaron Northcraft,31,San Diego,5,0,1.0,,,8.0,5,2,2,8,5,1,2.25,1.625,0.2,5.6,573062,2021
James Norwood,27,San Diego,5,0,,,,5.0,6,0,0,3,3,0,0.0,1.8,0.353,5.4,656803,2021
Dari\xc3\xa9n N\xc3\xba\xc3\xb1ez,28,Los Angeles,6,1,,1.0,,7.2,8,8,7,4,8,3,8.22,1.565,0.278,9.4,628345,2021
Riley O\'Brien,26,Cincinnati,1,1,,1.0,,1.1,2,2,2,3,2,2,13.5,3.75,0.0,13.5,676617,2021
Darren O\'Day,38,New York,12,0,,,,10.2,9,4,4,4,11,2,3.38,1.219,0.25,9.3,503285,2021
Bailey Ober,25,Minnesota,20,20,3.0,3.0,,92.1,92,45,43,19,96,20,4.19,1.202,0.296,9.4,641927,2021
Jake Odorizzi,31,Houston,26,23,6.0,7.0,,111.0,105,55,53,34,101,18,4.3,1.252,0.282,8.2,543606,2021
Shohei Ohtani,26,Los Angeles,23,23,9.0,2.0,,130.1,98,48,46,44,156,15,3.18,1.09,0.271,10.8,660271,2021
Steven Okert,29,Miami,34,0,3.0,1.0,,36.0,22,12,11,15,40,5,2.75,1.028,0.221,10.0,595345,2021
Kaleb Ort,29,Boston,1,0,,,,0.1,1,0,0,1,0,0,0.0,6.0,0.5,0.0,672391,2021
Oliver Ortega,24,Los Angeles,8,0,1.0,,,9.1,12,5,5,2,4,1,4.82,1.5,0.355,3.9,661383,2021
Josh Osich,32,Cincinnati,17,0,2.0,,1.0,14.1,15,9,8,5,9,4,5.02,1.395,0.262,5.7,592612,2021
Corey Oswalt,27,New York,3,1,1.0,1.0,,10.1,12,4,4,2,10,1,3.48,1.355,0.379,8.7,621261,2021
Adam Ottavino,35,Boston,74,0,7.0,3.0,11.0,66.0,58,32,30,35,74,6,4.09,1.409,0.311,10.1,493603,2021
Glenn Otto,25,Texas,6,6,,3.0,,23.1,32,24,24,8,28,2,9.26,1.714,0.429,10.8,657248,2021
Connor Overton,27,"Pittsburgh,Toronto",9,3,,1.0,,15.1,14,8,8,5,15,2,4.7,1.239,0.293,8.8,656818,2021
Johan Oviedo,23,St. Louis,14,13,,5.0,,62.1,61,39,34,37,51,8,4.91,1.572,0.286,7.4,670912,2021
Luis Oviedo,22,Pittsburgh,22,1,1.0,2.0,,29.2,33,32,29,26,31,4,8.8,1.989,0.345,9.4,665854,2021
Chris Paddack,25,San Diego,23,22,7.0,7.0,,108.1,115,67,61,22,99,15,5.07,1.265,0.317,8.2,663978,2021
Emilio Pag\xc3\xa1n,30,San Diego,67,0,4.0,3.0,,63.1,56,35,34,18,69,16,4.83,1.168,0.253,9.8,641941,2021
Enoli Paredes,25,Houston,12,0,,,,8.2,7,10,6,17,15,0,6.23,2.769,0.368,15.6,660600,2021
Blake Parker,36,Cleveland,47,0,2.0,1.0,,43.2,43,15,15,14,37,5,3.09,1.305,0.299,7.6,453284,2021
Luis Pati\xc3\xb1o,21,Tampa Bay,21,15,5.0,4.0,,79.2,71,42,39,30,76,13,4.41,1.268,0.262,8.6,672715,2021
Spencer Patton,33,Texas,42,0,2.0,2.0,2.0,42.1,36,20,18,15,48,4,3.83,1.205,0.305,10.2,607359,2021
David Paulino,27,Philadelphia,1,0,,,,2.0,3,2,2,0,0,1,9.0,1.5,0.25,0.0,600944,2021
James Paxton,32,Seattle,1,1,,,,1.1,0,1,1,1,2,0,6.75,0.75,0.0,13.5,572020,2021
Joel Payamps,27,"Kansas City,Toronto",37,1,1.0,3.0,,50.1,44,22,19,14,38,6,3.4,1.152,0.26,6.8,606303,2021
Brad Peacock,33,Boston,2,1,,1.0,,5.1,6,9,9,3,3,2,15.19,1.688,0.235,5.1,502748,2021
Matt Peacock,27,Arizona,35,8,5.0,7.0,,86.1,107,55,47,28,50,13,4.9,1.564,0.322,5.2,676840,2021
Nate Pearson,24,Toronto,12,1,1.0,1.0,,15.0,14,8,7,12,20,2,4.2,1.733,0.324,12.0,663878,2021
Elvis Peguero,24,Los Angeles,3,0,,1.0,,2.1,7,7,7,3,0,0,27.0,4.286,0.538,0.0,665625,2021
F\xc3\xa9lix Pe\xc3\xb1a,31,Los Angeles,2,0,,,,1.2,7,7,7,4,2,0,37.8,6.6,0.7,10.8,570240,2021
David Peralta,33,Arizona,1,0,,,,1.0,4,3,3,0,1,1,27.0,4.0,0.5,9.0,444482,2021
Freddy Peralta,25,Milwaukee,29,28,10.0,5.0,,148.1,87,47,45,57,200,14,2.73,0.971,0.235,12.1,642547,2021
Wandy Peralta,29,"New York,San Francisco",56,1,5.0,4.0,5.0,51.0,49,24,19,21,43,6,3.35,1.373,0.291,7.6,593974,2021
Wily Peralta,32,Detroit,19,18,4.0,5.0,,93.2,87,41,32,38,58,12,3.07,1.335,0.261,5.6,503449,2021
Angel Perdomo,27,Milwaukee,19,0,1.0,,,17.0,12,12,12,16,28,4,6.35,1.647,0.276,14.8,622780,2021
Cionel P\xc3\xa9rez,25,Cincinnati,25,0,1.0,2.0,,24.0,21,21,17,20,25,5,6.38,1.708,0.262,9.4,672335,2021
Francisco P\xc3\xa9rez,23,Cleveland,4,0,,,,6.2,6,3,3,3,5,0,4.05,1.35,0.3,6.8,660906,2021
Hern\xc3\xa1n P\xc3\xa9rez,30,Washington,2,0,,,,2.0,1,0,0,0,2,0,0.0,0.5,0.2,9.0,541650,2021
Mart\xc3\xadn P\xc3\xa9rez,30,Boston,40,22,7.0,8.0,,117.0,142,76,64,40,97,19,4.92,1.556,0.342,7.5,527048,2021
\xc3\x93liver P\xc3\xa9rez,39,Cleveland,5,0,,1.0,,3.2,5,1,0,1,4,0,0.0,1.636,0.385,9.8,424144,2021
Dillon Peters,28,Pittsburgh,6,6,1.0,2.0,,26.2,26,12,11,10,23,2,3.71,1.35,0.296,7.8,596071,2021
David Peterson,25,New York,15,15,2.0,6.0,,66.2,64,44,41,29,69,11,5.54,1.395,0.31,9.3,656849,2021
Jace Peterson,31,Milwaukee,2,0,,,,2.0,4,2,2,1,2,0,9.0,2.5,0.5,9.0,607054,2021
Yusmeiro Petit,36,Oakland,78,0,8.0,3.0,2.0,78.0,69,35,34,12,37,12,3.92,1.038,0.229,4.3,433589,2021
Jake Petricka,33,Los Angeles,7,0,,1.0,,6.0,6,10,10,7,8,1,15.0,2.167,0.333,12.0,502593,2021
David Phelps,34,Toronto,11,1,,,,10.1,8,2,1,4,15,0,0.87,1.161,0.364,13.1,475479,2021
Brett Phillips,27,Tampa Bay,1,0,,,,1.0,2,1,1,2,0,0,9.0,4.0,0.4,0.0,621433,2021
Evan Phillips,26,"Los Angeles,Tampa Bay",10,0,2.0,1.0,1.0,16.1,12,6,5,7,17,1,2.76,1.163,0.25,9.4,623465,2021
Kevin Pillar,32,New York,1,0,,,,0.1,0,0,0,0,0,0,0.0,0.0,0.0,0.0,607680,2021
Michael Pineda,32,Minnesota,22,21,9.0,8.0,,109.1,114,49,44,21,88,17,3.62,1.235,0.297,7.2,501381,2021
Nick Pivetta,28,Boston,34,31,10.0,8.0,1.0,168.2,146,84,82,70,189,27,4.38,1.281,0.283,10.1,601713,2021
Kevin Plawecki,30,Boston,1,0,,,,1.0,0,0,0,0,0,0,0.0,0.0,0.0,0.0,608700,2021
Zach Plesac,26,Cleveland,25,25,10.0,6.0,,142.2,137,79,74,34,100,23,4.67,1.199,0.264,6.3,668676,2021
Adam Plutko,29,Baltimore,38,1,1.0,2.0,1.0,56.1,65,43,42,27,44,17,6.71,1.633,0.294,7.0,592644,2021
Drew Pomeranz,32,San Diego,27,0,1.0,,,25.2,19,6,5,10,30,2,1.75,1.13,0.283,10.5,519141,2021
Daniel Ponce de Leon,29,St. Louis,24,2,1.0,1.0,2.0,33.1,32,24,23,22,24,5,6.21,1.62,0.267,6.5,594965,2021
Cody Ponce,27,Pittsburgh,15,2,,6.0,,38.1,56,34,30,11,36,8,7.04,1.748,0.393,8.5,664074,2021
Zach Pop,24,Miami,50,0,1.0,,,54.2,54,29,25,24,51,3,4.12,1.427,0.321,8.4,647315,2021
Sean Poppen,27,"Arizona,Pittsburgh,Tampa Bay",24,0,1.0,1.0,1.0,22.2,31,18,13,9,26,2,5.16,1.765,0.414,10.3,664092,2021
Cody Poteet,26,Miami,7,7,2.0,3.0,,30.2,25,17,17,16,32,7,4.99,1.337,0.234,9.4,547001,2021
Ryan Pressly,32,Houston,73,0,5.0,3.0,27.0,73.2,55,20,17,15,95,5,2.08,0.95,0.292,11.6,519151,2021
David Price,35,Los Angeles,39,11,5.0,2.0,1.0,73.2,79,35,33,26,58,8,4.03,1.425,0.314,7.1,456034,2021
Austin Pruitt,31,"Houston,Miami",6,0,,1.0,,7.1,7,3,3,0,5,2,3.68,0.955,0.238,6.1,643493,2021
A.J. Puk,26,Oakland,12,0,,3.0,,13.1,18,9,9,6,16,1,6.08,1.8,0.415,10.8,640462,2021
Kevin Quackenbush,32,Los Angeles,1,0,,,,0.1,3,1,1,0,1,0,27.0,9.0,1.0,27.0,534812,2021
Cal Quantrill,26,Cleveland,40,22,8.0,3.0,,149.2,129,55,48,47,121,16,2.89,1.176,0.27,7.3,615698,2021
Jos\xc3\xa9 Quijada,25,Los Angeles,26,0,,2.0,,25.2,20,14,13,15,38,2,4.56,1.364,0.333,13.3,650671,2021
Jose Quintana,32,"Los Angeles,San Francisco",29,10,,3.0,,63.0,74,50,45,35,85,12,6.43,1.73,0.378,12.1,500779,2021
Tanner Rainey,28,Washington,38,0,1.0,3.0,3.0,31.2,29,27,26,25,42,6,7.39,1.705,0.307,11.9,663432,2021
Brooks Raley,33,Houston,66,0,2.0,3.0,2.0,55.2,50,35,31,19,69,6,5.01,1.24,0.321,11.2,548384,2021
Erasmo Ram\xc3\xadrez,31,Detroit,17,0,1.0,1.0,,26.2,24,17,17,5,20,4,5.74,1.088,0.253,6.8,541640,2021
Nick Ramirez,31,San Diego,13,0,1.0,1.0,,20.1,23,15,13,7,14,2,5.75,1.475,0.309,6.2,598286,2021
No\xc3\xa9 Ramirez,31,"Arizona,Los Angeles",38,0,,2.0,1.0,36.0,23,14,12,12,29,3,3.0,0.972,0.202,7.3,598287,2021
Roel Ram\xc3\xadrez,26,St. Louis,1,0,,,,0.1,1,3,3,2,0,0,81.0,9.0,0.5,0.0,641995,2021
Yefry Ram\xc3\xadrez,27,Los Angeles,1,0,,,,2.0,0,0,0,1,2,0,0.0,0.5,0.0,9.0,606162,2021
Yohan Ram\xc3\xadrez,26,Seattle,25,0,1.0,3.0,2.0,27.2,18,14,12,12,35,6,3.9,1.084,0.218,11.4,670990,2021
AJ Ramos,34,Los Angeles,4,0,,,,4.2,0,0,0,2,3,0,0.0,0.429,0.0,5.8,573109,2021
Drew Rasmussen,25,"Milwaukee,Tampa Bay",36,11,4.0,1.0,1.0,78.0,63,30,27,25,74,6,3.12,1.128,0.269,8.5,656876,2021
Robbie Ray,29,Toronto,32,32,13.0,7.0,,193.1,150,62,61,52,248,33,2.84,1.045,0.269,11.5,592662,2021
Colin Rea,30,Milwaukee,1,0,,,,6.0,7,5,5,0,5,2,7.5,1.167,0.294,7.5,607067,2021
Josh Reddick,34,Arizona,1,0,,,,0.2,2,1,1,1,0,1,13.5,4.5,0.333,0.0,502210,2021
Cody Reed,28,Tampa Bay,12,0,,1.0,,9.2,8,5,4,6,7,1,3.72,1.448,0.269,6.5,642003,2021
Jake Reed,28,"Los Angeles,New York",10,1,,1.0,,10.0,10,6,4,2,10,1,3.6,1.2,0.31,9.0,596082,2021
Sean Reid-Foley,25,New York,12,0,2.0,1.0,,20.2,22,15,12,9,26,3,5.23,1.5,0.352,11.3,656887,2021
Alex Reyes,26,St. Louis,70,0,10.0,8.0,29.0,72.1,47,33,27,52,95,10,3.36,1.369,0.233,11.8,621052,2021
Garrett Richards,33,Boston,41,22,7.0,8.0,3.0,137.0,158,86,74,60,115,19,4.86,1.591,0.332,7.6,572070,2021
Trevor Richards,28,"Milwaukee,Tampa Bay,Toronto",53,0,7.0,2.0,1.0,64.1,40,26,25,22,78,12,3.5,0.964,0.203,10.9,670950,2021
Stephen Ridings,25,New York,5,0,,,,5.0,4,2,1,2,7,0,1.8,1.2,0.4,12.6,670050,2021
Yacksel R\xc3\xados,28,"Boston,Seattle",23,0,3.0,,,27.1,18,13,13,16,23,3,4.28,1.244,0.214,7.6,605441,2021
Anthony Rizzo,31,Chicago,1,0,,,,0.2,0,0,0,1,1,0,0.0,1.5,0.0,13.5,519203,2021
Tanner Roark,34,Toronto,3,1,,1.0,,7.0,7,7,5,2,5,3,6.43,1.286,0.19,6.4,543699,2021
Daniel Robertson,27,Milwaukee,1,0,,,,1.0,1,0,0,0,0,0,0.0,1.0,0.25,0.0,621002,2021
David Robertson,36,Tampa Bay,15,1,,,,16.0,14,7,6,5,18,2,3.38,1.188,0.293,10.1,502085,2021
Hansel Robles,30,"Boston,Minnesota",78,0,3.0,6.0,14.0,74.1,65,43,37,38,81,10,4.48,1.386,0.299,9.8,570663,2021
Carlos Rod\xc3\xb3n,28,Chicago,25,25,13.0,6.0,,135.1,94,41,37,38,188,13,2.46,0.975,0.274,12.5,607074,2021
Chris Rodriguez,22,Los Angeles,15,2,2.0,1.0,,29.2,28,14,12,15,29,0,3.64,1.449,0.326,8.8,669735,2021
Eduardo Rodr\xc3\xadguez,28,Boston,35,34,14.0,9.0,,170.1,182,94,90,49,199,20,4.76,1.356,0.358,10.5,593958,2021
Jefry Rodr\xc3\xadguez,27,Washington,14,1,,,,24.1,25,16,16,17,20,6,5.92,1.726,0.279,7.4,622446,2021
Joely Rodr\xc3\xadguez,29,"New York,Texas",52,0,2.0,3.0,1.0,46.1,53,27,24,18,47,4,4.66,1.532,0.366,9.1,570257,2021
Manuel Rodr\xc3\xadguez,24,Chicago,20,0,3.0,3.0,1.0,17.2,18,18,12,12,16,3,6.11,1.698,0.294,8.2,655889,2021
Nivaldo Rodriguez,24,Houston,4,0,,,,7.1,4,2,2,4,3,2,2.45,1.091,0.105,3.7,670550,2021
Richard Rodr\xc3\xadguez,31,"Atlanta,Pittsburgh",64,0,5.0,4.0,14.0,64.1,50,21,21,10,42,8,2.94,0.933,0.222,5.9,593144,2021
Chaz Roe,34,Tampa Bay,1,0,,,,0.2,1,2,2,1,2,0,27.0,3.0,1.0,27.0,475054,2021
Jake Rogers,26,Detroit,1,0,,,,1.0,2,2,2,1,0,0,18.0,3.0,0.4,0.0,668670,2021
Josh Rogers,26,Washington,6,6,2.0,2.0,,35.2,32,13,13,14,22,7,3.28,1.29,0.238,5.6,642028,2021
Taylor Rogers,30,Minnesota,39,0,2.0,4.0,9.0,40.1,38,18,15,8,59,4,3.35,1.14,0.366,13.2,573124,2021
Trevor Rogers,23,Miami,25,25,7.0,8.0,,133.0,107,46,39,46,157,6,2.64,1.15,0.307,10.6,669432,2021
Tyler Rogers,30,San Francisco,84,0,8.0,1.0,13.0,84.1,79,23,20,14,56,5,2.13,1.103,0.284,6.0,643511,2021
Jordan Romano,28,Toronto,62,0,7.0,1.0,23.0,63.0,41,17,15,25,85,7,2.14,1.048,0.254,12.1,605447,2021
Sal Romano,27,"Cincinnati,Milwaukee,New York",19,0,,2.0,,25.0,31,20,17,11,17,5,6.12,1.68,0.31,6.1,607219,2021
Jhon Romero,26,Washington,5,0,,,,4.0,5,2,2,0,3,0,4.5,1.25,0.357,6.8,664584,2021
JoJo Romero,24,Philadelphia,11,0,,,,9.0,12,8,7,4,8,4,7.0,1.778,0.296,8.0,668941,2021
Andrew Romine,35,Chicago,1,0,,,,1.0,2,1,1,0,1,1,9.0,2.0,0.333,9.0,461865,2021
Sergio Romo,38,Oakland,66,0,1.0,1.0,3.0,61.2,56,33,32,21,60,9,4.67,1.249,0.281,8.8,489265,2021
Angel Rond\xc3\xb3n,23,St. Louis,2,0,,,,2.0,1,0,0,1,1,0,0.0,1.0,0.2,4.5,667373,2021
Joe Ross,28,Washington,20,19,5.0,9.0,,108.0,98,57,50,34,109,17,4.17,1.222,0.28,9.1,605452,2021
Zac Rosscup,33,Colorado,4,0,,,,3.0,3,1,1,1,4,1,3.0,1.333,0.333,12.0,573127,2021
Ram\xc3\xb3n Rosso,25,Philadelphia,7,0,,,,8.0,10,6,5,3,7,2,5.63,1.625,0.348,7.9,665759,2021
Ben Rowen,32,Los Angeles,8,0,,,,11.1,12,8,7,2,8,3,5.56,1.235,0.265,6.4,594985,2021
Michael Rucker,27,Chicago,20,0,,,1.0,28.1,32,25,22,11,30,5,6.99,1.518,0.346,9.5,621074,2021
Darin Ruf,34,San Francisco,1,0,,,,1.0,3,2,2,0,0,0,18.0,3.0,0.5,0.0,573131,2021
Jos\xc3\xa9 Ruiz,26,Chicago,60,0,1.0,3.0,,66.1,51,26,22,25,64,8,2.98,1.146,0.243,8.7,614179,2021
Joe Ryan,25,Minnesota,5,5,2.0,1.0,,26.2,16,12,12,5,30,4,4.05,0.788,0.197,10.1,657746,2021
Kyle Ryan,29,Chicago,13,0,,,1.0,13.1,17,10,10,6,8,3,6.75,1.725,0.318,5.4,594986,2021
Hyun Jin Ryu,34,Toronto,31,31,14.0,10.0,,169.0,170,85,82,37,143,24,4.37,1.225,0.296,7.6,547943,2021
Casey Sadler,30,Seattle,42,0,,1.0,,40.1,19,4,3,10,37,1,0.67,0.719,0.188,8.3,594987,2021
Chris Sale,32,Boston,12,12,5.0,2.0,,51.2,57,29,23,16,63,8,4.01,1.413,0.36,11.0,519242,2021
Adrian Sampson,29,Chicago,10,5,1.0,2.0,,35.1,30,15,11,8,28,8,2.8,1.075,0.234,7.1,592716,2021
Aaron Sanchez,28,San Francisco,9,7,1.0,1.0,,35.1,32,12,12,15,26,2,3.06,1.33,0.275,6.6,592717,2021
Cristopher S\xc3\xa1nchez,24,Philadelphia,7,1,1.0,,,12.2,16,8,7,7,13,1,4.97,1.816,0.417,9.2,650911,2021
Miguel S\xc3\xa1nchez,27,Milwaukee,28,0,2.0,1.0,,26.0,27,14,12,14,23,4,4.15,1.577,0.303,8.0,667376,2021
Nick Sandlin,24,Cleveland,34,0,1.0,1.0,,33.2,21,15,11,17,48,2,2.94,1.129,0.271,12.8,680704,2021
Patrick Sandoval,24,Los Angeles,17,14,3.0,6.0,1.0,87.0,69,38,35,36,94,11,3.62,1.207,0.266,9.7,663776,2021
Reiver Sanmartin,25,Cincinnati,2,2,2.0,,,11.2,12,2,2,2,11,0,1.54,1.2,0.353,8.5,665665,2021
Dennis Santana,25,"Los Angeles,Texas",55,0,2.0,4.0,,54.2,48,31,26,32,46,4,4.28,1.463,0.291,7.6,642701,2021
Edgar Santana,29,Atlanta,41,0,3.0,,,42.2,37,20,17,12,33,7,3.59,1.148,0.246,7.0,650828,2021
Ervin Santana,38,Kansas City,38,2,2.0,2.0,,65.1,65,35,34,22,52,9,4.68,1.332,0.292,7.2,429722,2021
H\xc3\xa9ctor Santiago,33,Seattle,13,1,1.0,1.0,,26.1,27,10,10,11,30,2,3.42,1.443,0.338,10.3,502327,2021
Tony Santillan,24,Cincinnati,26,4,1.0,3.0,,43.1,34,15,14,21,56,7,2.91,1.269,0.276,11.6,663574,2021
Antonio Santos,24,Colorado,7,0,,1.0,,11.1,9,7,6,5,10,1,4.76,1.235,0.267,7.9,665733,2021
Gregory Santos,21,San Francisco,3,0,,2.0,,2.0,5,6,5,2,3,3,22.5,3.5,0.4,13.5,666619,2021
Tayler Saucedo,28,Toronto,29,0,,,,25.2,22,14,13,10,19,1,4.56,1.247,0.273,6.7,642048,2021
Hirokazu Sawamura,33,Boston,58,0,5.0,1.0,,55.0,47,25,19,34,63,9,3.11,1.473,0.281,10.3,617228,2021
Josh Sborz,27,Texas,63,0,4.0,3.0,1.0,59.0,52,29,26,32,69,7,3.97,1.424,0.302,10.5,622250,2021
Mac Sceroler,26,Baltimore,5,0,,,,7.2,15,15,12,7,11,6,14.09,2.87,0.391,12.9,669135,2021
Max Scherzer,36,"Los Angeles,Washington",34,33,15.0,5.0,1.0,196.0,129,57,53,41,259,25,2.43,0.867,0.246,11.9,453286,2021
Clarke Schmidt,25,New York,2,1,,,,6.1,11,8,4,5,6,1,5.68,2.526,0.417,8.5,657376,2021
John Schreiber,27,Boston,1,0,,,,3.0,4,1,1,1,5,0,3.0,1.667,0.571,15.0,670167,2021
Max Schrock,26,Cincinnati,2,0,,,,1.2,0,0,0,0,1,0,0.0,0.0,0.0,5.4,621011,2021
Tanner Scott,26,Baltimore,62,0,5.0,4.0,,54.0,48,34,31,37,70,6,5.17,1.574,0.318,11.7,656945,2021
Andre Scrubb,26,Houston,18,0,1.0,1.0,,19.2,15,11,11,14,21,5,5.03,1.475,0.217,9.6,668687,2021
Connor Seabold,25,Boston,1,1,,,,3.0,3,2,2,2,0,1,6.0,1.667,0.222,0.0,657756,2021
Sam Selman,30,"Los Angeles,San Francisco",25,0,,1.0,,25.0,20,17,16,12,19,3,5.76,1.28,0.239,6.8,572125,2021
Antonio Senzatela,26,Colorado,28,28,4.0,10.0,,156.2,178,84,77,32,105,12,4.42,1.34,0.326,6.0,622608,2021
Luis Severino,27,New York,5,0,1.0,,,7.1,3,1,1,2,9,0,1.23,0.682,0.188,11.0,622663,2021
Paul Sewald,31,Seattle,62,0,10.0,3.0,11.0,64.2,42,24,22,24,104,10,3.06,1.021,0.256,14.5,623149,2021
Bryan Shaw,33,Cleveland,81,0,6.0,7.0,2.0,77.1,69,33,30,38,71,10,3.49,1.384,0.277,8.3,543766,2021
Jordan Sheffield,26,Colorado,30,0,,,,29.1,19,11,11,13,20,2,3.38,1.091,0.215,6.1,642068,2021
Justus Sheffield,25,Seattle,21,15,7.0,8.0,,80.1,105,69,61,43,63,14,6.83,1.842,0.351,7.1,656954,2021
James Sherfy,29,"Los Angeles,San Francisco",14,0,2.0,1.0,,15.0,12,8,7,4,12,3,4.2,1.067,0.22,7.2,642073,2021
Ryan Sherriff,31,Tampa Bay,16,0,,1.0,1.0,14.2,14,11,9,9,16,0,5.52,1.568,0.326,9.8,595411,2021
Matt Shoemaker,34,Minnesota,16,11,3.0,8.0,,60.1,73,56,54,27,40,15,8.06,1.657,0.296,6.0,533167,2021
Chasen Shreve,30,Pittsburgh,57,0,3.0,3.0,,56.1,43,20,20,28,45,7,3.2,1.26,0.234,7.2,592741,2021
Lucas Sims,27,Cincinnati,47,0,5.0,3.0,7.0,47.0,34,26,23,18,76,6,4.4,1.106,0.308,14.6,608371,2021
Brady Singer,24,Kansas City,27,27,5.0,10.0,,128.1,146,81,70,53,131,14,4.91,1.551,0.35,9.2,663903,2021
Brandyn Sittinger,27,Arizona,5,0,,1.0,,4.2,5,4,4,2,1,3,7.71,1.5,0.143,1.9,670087,2021
Tarik Skubal,24,Detroit,31,29,8.0,12.0,,149.1,141,76,72,47,164,35,4.34,1.259,0.278,9.9,669373,2021
Austin Slater,28,San Francisco,1,0,,,,0.1,0,0,0,1,0,0,0.0,3.0,0.0,0.0,596103,2021
Aaron Slegers,28,Los Angeles,29,0,2.0,2.0,,31.0,43,24,24,15,25,6,6.97,1.871,0.366,7.3,642083,2021
Devin Smeltzer,25,Minnesota,1,0,,,,4.2,1,1,0,1,3,0,0.0,0.429,0.091,5.8,656970,2021
Burch Smith,31,Oakland,31,0,1.0,1.0,,43.1,49,27,26,11,28,5,5.4,1.385,0.308,5.8,572143,2021
Caleb Smith,29,Arizona,45,13,4.0,9.0,,113.2,93,64,61,63,124,20,4.83,1.372,0.256,9.8,592761,2021
Drew Smith,27,New York,31,1,3.0,1.0,,41.1,28,13,11,16,41,7,2.4,1.065,0.212,8.9,622098,2021
Joe Smith,37,"Houston,Seattle",50,0,4.0,4.0,,39.2,47,23,22,8,34,5,4.99,1.387,0.347,7.7,501925,2021
Riley Smith,26,Arizona,24,6,1.0,4.0,1.0,67.1,86,46,45,15,36,10,6.01,1.5,0.323,4.8,642092,2021
Will Smith,31,Atlanta,82,0,5.0,7.0,43.0,79.0,54,27,26,31,95,11,2.96,1.076,0.239,10.8,519293,2021
Drew Smyly,32,Atlanta,32,23,12.0,4.0,,134.0,142,74,68,43,125,28,4.57,1.381,0.304,8.4,592767,2021
Kirby Snead,26,Toronto,7,0,,1.0,,7.2,7,3,2,2,7,0,2.35,1.174,0.35,8.2,669912,2021
Blake Snell,28,San Diego,27,27,7.0,6.0,,128.2,101,61,60,69,170,16,4.2,1.321,0.296,11.9,605483,2021
Nicklaus Snyder,25,Texas,4,0,,,,3.2,3,2,2,3,1,0,4.91,1.636,0.273,2.5,676766,2021
Eric Sogard,35,Chicago,5,0,,,,4.1,7,3,3,0,1,2,6.23,1.615,0.294,2.1,519299,2021
Peter Solomon,24,Houston,6,0,1.0,,,14.0,10,2,2,8,10,0,1.29,1.286,0.27,6.4,656981,2021
Joakim Soria,37,"Arizona,Toronto",41,0,1.0,4.0,6.0,37.1,39,21,21,12,40,6,5.06,1.366,0.33,9.6,465657,2021
Gregory Soto,26,Detroit,62,0,6.0,3.0,18.0,63.2,46,30,24,40,76,7,3.39,1.351,0.258,10.7,642397,2021
Gabe Speier,26,Kansas City,7,0,,,,7.2,10,3,1,0,5,0,1.17,1.304,0.37,5.9,642100,2021
Shea Spitzbarth,26,Pittsburgh,5,0,,,,5.0,4,2,2,2,1,1,3.6,1.2,0.176,1.8,665661,2021
Jeffrey Springs,28,Tampa Bay,43,0,5.0,1.0,2.0,44.2,35,21,17,14,63,9,3.43,1.097,0.283,12.7,605488,2021
Craig Stammen,37,San Diego,67,4,6.0,3.0,1.0,88.1,79,31,30,13,83,13,3.06,1.042,0.273,8.5,489334,2021
Ryne Stanek,29,Houston,85,0,5.0,5.0,2.0,79.1,51,35,29,39,94,10,3.29,1.134,0.228,10.7,592773,2021
Cody Stashak,27,Minnesota,15,0,,,,15.2,16,12,12,10,26,2,6.89,1.66,0.389,14.9,664054,2021
Josh Staumont,27,Kansas City,64,0,4.0,3.0,5.0,65.2,43,24,21,27,72,6,2.88,1.066,0.236,9.9,622251,2021
Drew Steckenrider,30,Seattle,62,0,5.0,2.0,14.0,67.2,52,16,15,17,58,5,2.0,1.02,0.258,7.7,608716,2021
Justin Steele,25,Chicago,20,9,4.0,4.0,,57.0,50,29,27,27,59,12,4.26,1.351,0.264,9.3,657006,2021
Trevor Stephan,25,Cleveland,43,0,3.0,1.0,1.0,63.1,58,32,31,31,75,15,4.41,1.405,0.272,10.7,663986,2021
Robert Stephenson,28,Colorado,49,0,2.0,1.0,1.0,46.0,42,20,16,18,52,5,3.13,1.304,0.311,10.2,596112,2021
Kohl Stewart,26,Chicago,4,3,1.0,1.0,,13.2,17,12,8,6,11,2,5.27,1.683,0.357,7.2,640464,2021
Jonathan Stiever,24,Chicago,1,0,,,,0.0,4,3,3,0,0,0,,,1.0,,680692,2021
Robert Stock,31,"Chicago,New York",3,3,,2.0,,9.0,10,8,8,9,9,3,8.0,2.111,0.304,9.0,476594,2021
Matt Strahm,29,San Diego,6,1,,1.0,,6.2,15,6,6,1,4,0,8.1,2.4,0.5,5.4,621381,2021
Stephen Strasburg,32,Washington,5,5,1.0,2.0,,21.2,16,12,11,14,21,4,4.57,1.385,0.218,8.7,544931,2021
Chris Stratton,30,Pittsburgh,68,0,7.0,1.0,8.0,79.1,70,34,32,33,86,9,3.63,1.298,0.293,9.8,608717,2021
Hunter Strickland,32,"Los Angeles,Milwaukee,Tampa Bay",60,0,3.0,2.0,,61.0,49,21,17,22,60,8,2.51,1.164,0.258,8.9,519326,2021
Spencer Strider,22,Atlanta,2,0,1.0,,,2.1,2,1,1,1,0,1,3.86,1.286,0.143,0.0,675911,2021
Ross Stripling,31,Toronto,24,19,5.0,7.0,,101.1,99,55,54,30,94,23,4.8,1.273,0.27,8.3,548389,2021
Marcus Stroman,30,New York,33,33,10.0,13.0,,179.0,161,70,60,44,158,17,3.02,1.145,0.289,7.9,573186,2021
Pedro Strop,36,Chicago,2,0,1.0,,,2.0,2,0,0,2,3,0,0.0,2.0,0.4,13.5,467008,2021
Jos\xc3\xa9 Suarez,23,Los Angeles,23,14,8.0,8.0,,98.1,85,45,41,36,85,11,3.75,1.231,0.269,7.8,660761,2021
Ranger Suarez,25,Philadelphia,39,12,8.0,5.0,4.0,106.0,73,20,16,33,107,4,1.36,1.0,0.259,9.1,624133,2021
Wander Suero,29,Washington,45,0,2.0,3.0,,42.2,45,35,30,15,44,11,6.33,1.406,0.293,9.3,593833,2021
Cole Sulser,31,Baltimore,60,0,5.0,4.0,8.0,63.1,48,20,19,23,73,5,2.7,1.121,0.277,10.4,642121,2021
Brent Suter,31,Milwaukee,61,1,12.0,5.0,1.0,73.1,72,34,25,24,69,9,3.07,1.309,0.303,8.5,608718,2021
Erik Swanson,27,Seattle,33,2,,3.0,1.0,35.1,28,18,13,10,35,5,3.31,1.075,0.247,8.9,657024,2021
Anthony Swarzak,35,"Arizona,Kansas City",13,0,,1.0,,12.1,20,13,13,1,9,4,9.49,1.703,0.39,6.6,461872,2021
Noah Syndergaard,28,New York,2,2,,1.0,,2.0,3,2,2,0,2,1,9.0,1.5,0.4,9.0,592789,2021
Thomas Szapucki,25,New York,1,0,,,,3.2,7,6,6,3,4,2,14.73,2.727,0.455,9.8,663378,2021
Jameson Taillon,29,New York,29,29,8.0,6.0,,144.1,130,73,69,44,140,24,4.3,1.206,0.273,8.7,592791,2021
Domingo Tapia,29,"Kansas City,Seattle",34,0,4.0,1.0,,33.2,25,10,10,15,26,1,2.67,1.188,0.258,7.0,593619,2021
Stephen Tarpley,28,New York,1,0,,,,0.0,1,2,2,2,0,0,,,1.0,,605501,2021
Dillon Tate,27,Baltimore,62,0,,6.0,3.0,67.2,61,35,33,23,49,7,4.39,1.241,0.271,6.5,622253,2021
Mike Tauchman,30,San Francisco,1,0,,,,1.0,3,1,1,0,0,0,9.0,3.0,0.5,0.0,643565,2021
Blake Taylor,25,Houston,55,0,4.0,4.0,,46.0,42,20,16,24,46,6,3.13,1.435,0.283,9.0,642130,2021
Josh Taylor,28,Boston,67,0,1.0,,1.0,51.2,49,19,19,23,62,2,3.31,1.394,0.348,10.8,657031,2021
Julio Teheran,30,Detroit,1,1,1.0,,,5.0,4,1,1,3,3,1,1.8,1.4,0.231,5.4,527054,2021
Ryan Tepera,33,Chicago,68,0,,2.0,2.0,66.0,37,20,20,19,77,4,2.73,0.848,0.22,10.5,572193,2021
Caleb Thielbar,34,Minnesota,59,0,7.0,,,64.0,55,24,23,20,77,8,3.23,1.172,0.303,10.8,573204,2021
Keegan Thompson,26,Chicago,32,6,3.0,3.0,1.0,53.1,48,22,20,31,55,9,3.38,1.481,0.273,9.3,624522,2021
Mason Thompson,23,"San Diego,Washington",31,0,1.0,3.0,,24.2,32,15,11,15,23,4,4.01,1.905,0.368,8.4,666168,2021
Ryan Thompson,29,Tampa Bay,36,0,3.0,2.0,,34.0,26,11,9,9,37,3,2.38,1.029,0.277,9.8,657044,2021
Zach Thompson,27,Miami,26,14,3.0,7.0,,75.0,63,35,27,28,66,6,3.24,1.213,0.273,7.9,605507,2021
Trent Thornton,27,Toronto,37,3,1.0,3.0,,49.0,54,33,26,16,52,12,4.78,1.429,0.321,9.6,663423,2021
Lewis Thorpe,25,Minnesota,5,4,,2.0,,15.1,14,11,8,7,6,2,4.7,1.37,0.235,3.5,626929,2021
Ty Tice,24,"Atlanta,Toronto",5,0,,,,8.0,10,4,4,5,6,1,4.5,1.875,0.346,6.8,676709,2021
Jes\xc3\xbas Tinoco,26,Colorado,1,0,,,,1.1,5,5,5,1,0,3,33.75,4.5,0.4,0.0,622786,2021
Ka\'ai Tom,27,Oakland,1,0,,,,1.0,1,0,0,0,0,0,0.0,1.0,0.25,0.0,664789,2021
Josh Tomlin,36,Atlanta,35,0,4.0,,,49.1,69,36,36,5,37,10,6.57,1.5,0.358,6.8,458708,2021
Justin Topa,30,Milwaukee,4,0,,,,3.1,12,11,11,1,1,2,29.7,3.9,0.526,2.7,623437,2021
Ronald Torreyes,28,Philadelphia,2,0,,,,2.2,6,4,4,0,1,2,13.5,2.25,0.364,3.4,591720,2021
Touki Toussaint,25,Atlanta,11,10,3.0,3.0,,50.0,43,28,25,22,48,11,4.5,1.3,0.252,8.6,657053,2021
Blake Treinen,33,Los Angeles,80,0,6.0,6.0,7.0,81.0,51,22,18,27,93,5,2.0,0.963,0.242,10.3,595014,2021
Lou Trivino,29,Oakland,71,0,7.0,8.0,22.0,73.2,58,32,26,34,67,5,3.18,1.249,0.269,8.2,642152,2021
Nick Tropeano,30,"New York,San Francisco",5,0,1.0,,,8.0,8,3,2,3,2,1,2.25,1.375,0.259,2.3,607374,2021
Spencer Turnbull,28,Detroit,9,9,4.0,2.0,,50.0,37,18,16,12,44,2,2.88,0.98,0.255,7.9,605513,2021
Justin Turner,36,Los Angeles,1,0,,,,1.0,2,0,0,0,0,0,0.0,2.0,0.4,0.0,457759,2021
Kyle Tyler,24,Los Angeles,5,0,,,,12.1,8,4,4,6,6,1,2.92,1.135,0.189,4.4,667725,2021
Edwin Uceta,23,Los Angeles,14,1,,3.0,,20.1,19,18,15,12,25,3,6.64,1.525,0.32,11.1,670955,2021
Duane Underwood Jr.,26,Pittsburgh,43,0,2.0,3.0,,72.2,77,40,35,27,65,9,4.33,1.431,0.316,8.1,621249,2021
Jos\xc3\xa9 Ure\xc3\xb1a,29,Detroit,26,18,4.0,8.0,,100.2,119,70,65,42,67,14,5.81,1.599,0.319,6.0,570632,2021
Julio Ur\xc3\xadas,24,Los Angeles,36,34,21.0,4.0,,200.2,168,76,70,41,210,23,3.14,1.042,0.278,9.4,628711,2021
Jos\xc3\xa9 Urquidy,26,Houston,23,22,10.0,4.0,,114.2,99,51,50,21,98,19,3.92,1.047,0.251,7.7,664353,2021
Pat Valaika,28,Baltimore,2,0,,,,1.1,0,0,0,0,0,0,0.0,0.0,0.0,0.0,642162,2021
C\xc3\xa9sar Valdez,36,Baltimore,39,0,2.0,2.0,8.0,46.0,62,32,30,14,45,8,5.87,1.652,0.38,8.8,491624,2021
Framber Valdez,27,Houston,27,27,12.0,7.0,,154.1,138,70,64,66,141,18,3.73,1.322,0.282,8.2,664285,2021
Phillips Vald\xc3\xa9z,29,Boston,28,0,2.0,,1.0,40.0,35,29,26,19,35,4,5.85,1.35,0.279,7.9,570488,2021
Andrew Vasquez,27,Los Angeles,2,0,,,,1.2,1,1,0,0,3,0,0.0,0.6,0.333,16.2,607755,2021
Vince Velasquez,29,"Philadelphia,San Diego",25,21,3.0,9.0,,94.1,91,68,66,49,101,23,6.3,1.484,0.286,9.6,592826,2021
Alex Vesia,25,Los Angeles,48,0,3.0,1.0,1.0,44.1,22,18,11,25,61,7,2.23,1.06,0.174,12.4,681911,2021
Will Vest,26,Seattle,32,0,1.0,,,35.0,38,25,24,18,27,2,6.17,1.6,0.343,6.9,676684,2021
Nick Vincent,34,Minnesota,7,0,1.0,,,12.2,6,1,1,5,9,1,0.71,0.868,0.161,6.4,543883,2021
Austin Voth,29,Washington,49,1,4.0,1.0,,57.1,57,35,34,28,59,10,5.34,1.483,0.32,9.3,608723,2021
Michael Wacha,29,Tampa Bay,30,23,3.0,5.0,,127.1,141,79,76,31,125,24,5.37,1.351,0.326,8.8,608379,2021
Brandon Waddell,27,"Baltimore,Minnesota,St. Louis",9,0,,1.0,,9.1,14,8,7,9,7,2,6.75,2.464,0.364,6.8,663399,2021
Konner Wade,29,Baltimore,7,0,,,,12.1,23,16,16,5,11,3,11.68,2.27,0.444,8.0,592831,2021
Adam Wainwright,39,St. Louis,33,33,17.0,7.0,,211.2,172,73,71,52,179,22,3.02,1.058,0.257,7.6,425794,2021
Taijuan Walker,28,New York,30,29,7.0,11.0,,159.0,133,84,79,55,146,26,4.47,1.182,0.254,8.3,592836,2021
Andrew Wantz,25,Los Angeles,21,0,1.0,,,27.1,23,17,15,11,38,5,4.94,1.244,0.29,12.5,681806,2021
Art Warren,28,Cincinnati,26,0,3.0,,,21.0,11,3,3,8,34,1,1.29,0.905,0.27,14.6,605521,2021
Austin Warren,25,Los Angeles,16,0,3.0,,1.0,20.1,16,5,4,5,20,0,1.77,1.033,0.276,8.9,681810,2021
Spenser Watkins,28,Baltimore,16,10,2.0,7.0,,54.2,74,50,49,19,35,14,8.07,1.701,0.326,5.8,657093,2021
Tony Watson,36,"Los Angeles,San Francisco",62,0,7.0,4.0,,57.1,40,26,25,18,44,4,3.92,1.012,0.226,6.9,453265,2021
Ryan Weathers,21,San Diego,30,18,4.0,7.0,1.0,94.2,101,57,56,30,72,20,5.32,1.384,0.299,6.8,677960,2021
Luke Weaver,27,Arizona,13,13,3.0,6.0,,65.2,58,34,31,20,62,11,4.25,1.188,0.266,8.5,596133,2021
Jacob Webb,27,Atlanta,36,0,5.0,4.0,1.0,36.0,42,26,20,15,36,5,5.0,1.583,0.352,9.0,657097,2021
Logan Webb,24,San Francisco,29,28,12.0,3.0,,163.0,137,54,51,37,175,9,2.82,1.067,0.307,9.7,657277,2021
Tyler Webb,30,St. Louis,22,0,,,,16.1,22,26,24,19,14,1,13.22,2.51,0.368,7.7,643778,2021
Ryan Weber,30,"Boston,Milwaukee,Seattle",4,0,,,,9.2,15,13,13,4,8,5,12.1,1.966,0.37,7.4,543901,2021
Jordan Weems,28,"Arizona,Oakland",7,0,,1.0,,5.2,6,10,10,6,7,2,15.88,2.118,0.286,11.1,607179,2021
Patrick Weigel,26,Milwaukee,3,0,,,,4.0,4,2,2,4,9,1,4.5,2.0,0.5,20.3,622256,2021
Alex Wells,24,Baltimore,11,8,2.0,3.0,,42.2,53,32,32,16,26,10,6.75,1.617,0.303,5.5,649144,2021
Tyler Wells,26,Baltimore,44,0,2.0,3.0,4.0,57.0,40,27,26,12,65,9,4.11,0.912,0.228,10.3,669330,2021
J.B. Wendelken,28,"Arizona,Oakland",46,0,4.0,3.0,2.0,43.2,44,24,21,22,39,4,4.33,1.511,0.31,8.0,605525,2021
Zack Wheeler,31,Philadelphia,32,32,14.0,10.0,,213.1,169,72,66,46,247,16,2.78,1.008,0.291,10.4,554430,2021
Mitch White,26,Los Angeles,21,4,1.0,3.0,,46.2,38,28,19,17,49,6,3.66,1.179,0.258,9.5,669952,2021
Kodi Whitley,26,St. Louis,25,0,,,,25.1,15,8,7,12,27,1,2.49,1.066,0.23,9.6,676831,2021
Garrett Whitlock,25,Boston,51,0,9.0,4.0,2.0,81.2,68,24,18,19,86,8,1.98,1.065,0.283,9.5,676477,2021
Rowan Wick,28,Chicago,22,0,,1.0,5.0,23.0,17,12,11,14,29,1,4.3,1.348,0.296,11.3,592858,2021
Taylor Widener,26,Arizona,23,13,2.0,1.0,,70.1,65,38,34,37,73,14,4.35,1.45,0.276,9.3,642203,2021
Brad Wieck,29,Chicago,15,0,,,,17.0,10,0,0,10,28,0,0.0,1.176,0.303,14.8,623364,2021
Stevie Wilkerson,29,Baltimore,1,0,,,,1.0,2,1,1,0,0,1,9.0,2.0,0.25,0.0,592859,2021
Devin Williams,26,Milwaukee,58,0,8.0,2.0,3.0,54.0,36,17,15,28,87,5,2.5,1.185,0.301,14.5,642207,2021
Taylor Williams,29,"Miami,San Diego",11,0,,,,11.2,12,7,6,8,9,1,4.63,1.714,0.314,6.9,592865,2021
Trevor Williams,29,"Chicago,New York",23,15,4.0,2.0,,91.0,105,51,44,31,90,11,4.35,1.495,0.353,8.9,592866,2021
Bryse Wilson,23,"Atlanta,Pittsburgh",16,16,3.0,7.0,,74.0,85,45,44,22,46,15,5.35,1.446,0.297,5.6,669060,2021
Justin Wilson,33,"Cincinnati,New York",42,0,1.0,1.0,,34.0,32,22,20,16,29,6,5.29,1.412,0.271,7.7,458677,2021
Dan Winkler,31,Chicago,47,0,1.0,3.0,,39.2,32,24,23,30,40,5,5.22,1.563,0.255,9.1,595465,2021
Matt Wisler,28,"San Francisco,Tampa Bay",50,0,3.0,5.0,1.0,51.0,43,26,22,11,63,7,3.88,1.059,0.295,11.1,605538,2021
Nick Wittgren,30,Cleveland,60,1,2.0,9.0,1.0,62.1,61,38,35,17,61,13,5.05,1.251,0.294,8.8,621295,2021
Asher Wojciechowski,32,New York,1,1,,,,4.0,3,2,2,3,4,1,4.5,1.5,0.2,9.0,592879,2021
Alex Wood,30,San Francisco,27,27,10.0,4.0,,143.1,127,63,59,41,156,14,3.7,1.172,0.301,9.8,622072,2021
Hunter Wood,27,Texas,5,0,,,,5.0,2,2,2,2,5,1,3.6,0.8,0.091,9.0,621056,2021
Jake Woodford,24,St. Louis,26,8,3.0,4.0,,67.2,66,32,30,25,50,7,3.99,1.345,0.291,6.7,663765,2021
Brandon Woodruff,28,Milwaukee,32,31,9.0,11.0,,186.2,136,57,54,44,219,19,2.6,0.964,0.264,10.6,605540,2021
Brandon Workman,32,"Boston,Chicago",29,0,1.0,2.0,,28.0,36,20,17,21,25,4,5.46,2.036,0.372,8.0,519443,2021
Kyle Wright,25,Atlanta,4,2,,1.0,,12.0,12,8,8,8,12,3,6.0,1.667,0.281,9.0,657140,2021
Mike Wright Jr.,31,Chicago,13,0,,1.0,,18.0,17,12,11,11,11,1,5.5,1.556,0.286,5.5,605541,2021
Austin Wynns,30,Baltimore,1,0,,,,1.0,1,1,1,0,0,1,9.0,1.0,0.0,0.0,642851,2021
Miguel Yajure,23,Pittsburgh,4,3,,2.0,,15.0,17,14,14,7,11,6,8.4,1.6,0.256,6.6,664337,2021
Jordan Yamamoto,25,New York,2,1,1.0,1.0,,6.2,10,6,3,2,3,0,4.05,1.8,0.385,4.1,657141,2021
Hyeon-jong Yang,33,Texas,12,4,,3.0,,35.1,42,24,22,16,25,9,5.6,1.642,0.303,6.4,660365,2021
Ryan Yarbrough,29,Tampa Bay,30,21,9.0,7.0,,155.0,163,96,88,27,117,25,5.11,1.226,0.293,6.8,642232,2021
Eric Yardley,30,Milwaukee,17,0,,,,18.2,24,15,14,10,5,3,6.75,1.821,0.313,2.4,642233,2021
Huascar Ynoa,23,Atlanta,19,17,4.0,6.0,,92.0,78,44,43,26,102,15,4.21,1.13,0.274,10.0,660623,2021
Alex Young,27,"Arizona,Cleveland",40,2,2.0,6.0,,52.0,65,43,38,27,43,12,6.58,1.769,0.333,7.4,622065,2021
Daniel Zamora,28,Seattle,4,0,2.0,,,4.1,5,4,3,1,3,1,6.23,1.385,0.308,6.2,623354,2021
Angel Zerpa,21,Kansas City,1,1,,1.0,,5.0,3,2,0,1,4,0,0.0,0.8,0.214,7.2,672582,2021
T.J. Zeuch,25,Toronto,5,3,,2.0,,15.0,21,16,11,9,8,6,6.6,2.0,0.294,4.8,643615,2021
Kyle Zimmer,29,Kansas City,52,2,4.0,1.0,2.0,54.0,46,32,29,30,46,7,4.83,1.407,0.279,7.7,622092,2021
Bruce Zimmermann,26,Baltimore,14,13,4.0,5.0,,64.1,75,37,36,22,56,14,5.04,1.508,0.321,7.8,669145,2021
Jordan Zimmermann,35,Milwaukee,2,0,,,,5.2,8,5,5,2,0,1,7.94,1.765,0.318,0.0,519455,2021
Tyler Zuber,26,Kansas City,31,0,,3.0,,27.1,26,20,19,17,25,6,6.26,1.573,0.27,8.2,676604,2021
